#
# There is insufficient memory for the Java Runtime Environment to continue.
# Native memory allocation (mmap) failed to map 124780544 bytes. Error detail: G1 virtual space
# Possible reasons:
#   The system is out of physical RAM or swap space
#   This process is running with CompressedOops enabled, and the Java Heap may be blocking the growth of the native heap
# Possible solutions:
#   Reduce memory load on the system
#   Increase physical memory or swap space
#   Check if swap backing store is full
#   Decrease Java heap size (-Xmx/-Xms)
#   Decrease number of Java threads
#   Decrease Java thread stack sizes (-Xss)
#   Set larger code cache with -XX:ReservedCodeCacheSize=
#   JVM is running with Unscaled Compressed Oops mode in which the Java heap is
#     placed in the first 4GB address space. The Java Heap base address is the
#     maximum limit for the native heap growth. Please use -XX:HeapBaseMinAddress
#     to set the Java Heap base and to place the Java Heap above 4GB virtual address.
# This output file may be truncated or incomplete.
#
#  Out of Memory Error (os_windows.cpp:3690), pid=274552, tid=253584
#
# JRE version: OpenJDK Runtime Environment Microsoft-13106358 (17.0.18+8) (build 17.0.18+8-LTS)
# Java VM: OpenJDK 64-Bit Server VM Microsoft-13106358 (17.0.18+8-LTS, mixed mode, sharing, tiered, compressed oops, compressed class ptrs, g1 gc, windows-amd64)
# No core dump will be written. Minidumps are not enabled by default on client versions of Windows
#

---------------  S U M M A R Y ------------

Command Line: --add-opens=java.base/java.lang=ALL-UNNAMED --add-opens=java.base/java.lang.invoke=ALL-UNNAMED --add-opens=java.base/java.util=ALL-UNNAMED --add-opens=java.prefs/java.util.prefs=ALL-UNNAMED --add-exports=jdk.compiler/com.sun.tools.javac.api=ALL-UNNAMED --add-exports=jdk.compiler/com.sun.tools.javac.util=ALL-UNNAMED --add-opens=java.base/java.util=ALL-UNNAMED --add-opens=java.prefs/java.util.prefs=ALL-UNNAMED --add-opens=java.base/java.nio.charset=ALL-UNNAMED --add-opens=java.base/java.net=ALL-UNNAMED --add-opens=java.base/java.util.concurrent=ALL-UNNAMED --add-opens=java.base/java.util.concurrent.atomic=ALL-UNNAMED --add-opens=java.xml/javax.xml.namespace=ALL-UNNAMED --add-opens=java.base/java.time=ALL-UNNAMED -Xmx1536m -Dfile.encoding=UTF-8 -Duser.country=GB -Duser.language=en -Duser.variant -javaagent:C:\Users\louis\.gradle\wrapper\dists\gradle-9.3.1-bin\23ovyewtku6u96viwx3xl3oks\gradle-9.3.1\lib\agents\gradle-instrumentation-agent-9.3.1.jar org.gradle.launcher.daemon.bootstrap.GradleDaemon 9.3.1

Host: Intel(R) Core(TM) Ultra 7 265K, 20 cores, 63G,  Windows 11 , 64 bit Build 26100 (10.0.26100.9168)
Time: Mon Aug 31 21:30:36 2026 GMT Summer Time elapsed time: 70.423345 seconds (0d 0h 1m 10s)

---------------  T H R E A D  ---------------

Current thread (0x00000201c4d755b0):  VMThread "VM Thread" [stack: 0x0000002311f00000,0x0000002312000000] [id=253584]

Stack: [0x0000002311f00000,0x0000002312000000]
Native frames: (J=compiled Java code, j=interpreted, Vv=VM code, C=native code)
V  [jvm.dll+0x68c879]  (no source info available)
V  [jvm.dll+0x845979]  (no source info available)
V  [jvm.dll+0x8476e8]  (no source info available)
V  [jvm.dll+0x847d73]  (no source info available)
V  [jvm.dll+0x24cf6f]  (no source info available)
V  [jvm.dll+0x68bc79]  (no source info available)
V  [jvm.dll+0x68023a]  (no source info available)
V  [jvm.dll+0x3101a0]  (no source info available)
V  [jvm.dll+0x310042]  (no source info available)
V  [jvm.dll+0x317599]  (no source info available)
V  [jvm.dll+0x369999]  (no source info available)
V  [jvm.dll+0x369bcd]  (no source info available)
V  [jvm.dll+0x2e69aa]  (no source info available)
V  [jvm.dll+0x2e9a28]  (no source info available)
V  [jvm.dll+0x2f4154]  (no source info available)
V  [jvm.dll+0x32913d]  (no source info available)
V  [jvm.dll+0x84c5fd]  (no source info available)
V  [jvm.dll+0x84d313]  (no source info available)
V  [jvm.dll+0x84d844]  (no source info available)
V  [jvm.dll+0x84dc28]  (no source info available)
V  [jvm.dll+0x84dd1e]  (no source info available)
V  [jvm.dll+0x7f5ebc]  (no source info available)
V  [jvm.dll+0x68de17]  (no source info available)
C  [ucrtbase.dll+0x2cd30]  (no source info available)
C  [KERNEL32.DLL+0x2ccb7]  (no source info available)
C  [ntdll.dll+0xaad6c]  (no source info available)

VM_Operation (0x0000002311bff6c0): G1PauseRemark, mode: safepoint, requested by thread 0x00000201a69e0de0


---------------  P R O C E S S  ---------------

Threads class SMR info:
_java_thread_list=0x000002022f0d3850, length=75, elements={
0x00000201a698a680, 0x00000201c4d7b8d0, 0x00000201c4d7d930, 0x00000201c4da2060,
0x00000201c4da2540, 0x00000201c4da3590, 0x00000201c4daedf0, 0x00000201c4db4cf0,
0x00000201c4db8710, 0x00000201c4dc1040, 0x00000201c4b7aac0, 0x00000201c4b7b1a0,
0x00000201c4ec1dd0, 0x000002020a025500, 0x000002020bb49410, 0x000002020c6a99b0,
0x000002020c955450, 0x000002020ca55730, 0x000002020ca8f470, 0x000002020ca8f950,
0x000002020cc15080, 0x000002020cc30750, 0x000002020cc2e8f0, 0x000002020cc31170,
0x000002020cc30240, 0x000002020cc31680, 0x000002020cc31b90, 0x000002020cc320a0,
0x000002020cc2fd30, 0x000002020cede8e0, 0x000002020cede3d0, 0x000002020cededf0,
0x000002020cedf810, 0x000002020cedfd20, 0x000002020ceddec0, 0x000002020cedc570,
0x000002020cee0740, 0x000002020cedcf90, 0x000002020cedd4a0, 0x000002020cee2fc0,
0x000002020cee1160, 0x000002020cee1670, 0x000002020cee1b80, 0x000002020cee2090,
0x000002020cee39e0, 0x000002020cee25a0, 0x000002020cee2ab0, 0x00000202118fe880,
0x00000202118ff2a0, 0x0000020211900bf0, 0x00000202118ff7b0, 0x00000202119001d0,
0x00000202118ffcc0, 0x00000202118fd950, 0x0000020211902f60, 0x0000020211901610,
0x0000020211901b20, 0x0000020211902030, 0x0000020211901100, 0x0000020211903e90,
0x0000020211903470, 0x0000020211903980, 0x00000202119048b0, 0x000002020cedf300,
0x000002020cc30c60, 0x0000020212521530, 0x00000202125251f0, 0x0000020212875980,
0x0000020212876dc0, 0x0000020212874a50, 0x00000202219f08f0, 0x00000202106633a0,
0x00000202300988f0, 0x0000020221098ff0, 0x00000202106613c0
}

Java Threads: ( => current thread )
  0x00000201a698a680 JavaThread "main" [_thread_blocked, id=257776, stack(0x0000002311900000,0x0000002311a00000)]
  0x00000201c4d7b8d0 JavaThread "Reference Handler" daemon [_thread_blocked, id=269500, stack(0x0000002312000000,0x0000002312100000)]
  0x00000201c4d7d930 JavaThread "Finalizer" daemon [_thread_blocked, id=195316, stack(0x0000002312100000,0x0000002312200000)]
  0x00000201c4da2060 JavaThread "Signal Dispatcher" daemon [_thread_blocked, id=266340, stack(0x0000002312200000,0x0000002312300000)]
  0x00000201c4da2540 JavaThread "Attach Listener" daemon [_thread_blocked, id=242204, stack(0x0000002312300000,0x0000002312400000)]
  0x00000201c4da3590 JavaThread "Service Thread" daemon [_thread_blocked, id=274644, stack(0x0000002312400000,0x0000002312500000)]
  0x00000201c4daedf0 JavaThread "Monitor Deflation Thread" daemon [_thread_blocked, id=268800, stack(0x0000002312500000,0x0000002312600000)]
  0x00000201c4db4cf0 JavaThread "C2 CompilerThread0" daemon [_thread_blocked, id=270584, stack(0x0000002312600000,0x0000002312700000)]
  0x00000201c4db8710 JavaThread "C1 CompilerThread0" daemon [_thread_blocked, id=245052, stack(0x0000002312700000,0x0000002312800000)]
  0x00000201c4dc1040 JavaThread "Sweeper thread" daemon [_thread_blocked, id=271988, stack(0x0000002312800000,0x0000002312900000)]
  0x00000201c4b7aac0 JavaThread "Common-Cleaner" daemon [_thread_blocked, id=270980, stack(0x0000002312900000,0x0000002312a00000)]
  0x00000201c4b7b1a0 JavaThread "C1 CompilerThread1" daemon [_thread_blocked, id=139088, stack(0x0000002312a00000,0x0000002312b00000)]
  0x00000201c4ec1dd0 JavaThread "C1 CompilerThread2" daemon [_thread_blocked, id=230840, stack(0x0000002312b00000,0x0000002312c00000)]
  0x000002020a025500 JavaThread "Notification Thread" daemon [_thread_blocked, id=275924, stack(0x0000002312d00000,0x0000002312e00000)]
  0x000002020bb49410 JavaThread "C1 CompilerThread3" daemon [_thread_blocked, id=255312, stack(0x0000002313200000,0x0000002313300000)]
  0x000002020c6a99b0 JavaThread "Daemon health stats" [_thread_blocked, id=270992, stack(0x0000002313100000,0x0000002313200000)]
  0x000002020c955450 JavaThread "Incoming local TCP Connector on port 52807" [_thread_in_native, id=268420, stack(0x0000002312c00000,0x0000002312d00000)]
  0x000002020ca55730 JavaThread "Daemon periodic checks" [_thread_blocked, id=265624, stack(0x0000002313000000,0x0000002313100000)]
  0x000002020ca8f470 JavaThread "Daemon" [_thread_blocked, id=36504, stack(0x0000002314100000,0x0000002314200000)]
  0x000002020ca8f950 JavaThread "Handler for socket connection from /127.0.0.1:52807 to /127.0.0.1:52808" [_thread_in_native, id=274612, stack(0x0000002314200000,0x0000002314300000)]
  0x000002020cc15080 JavaThread "Cancel handler" [_thread_blocked, id=268936, stack(0x0000002314300000,0x0000002314400000)]
  0x000002020cc30750 JavaThread "Daemon worker" [_thread_blocked, id=159236, stack(0x0000002314400000,0x0000002314500000)]
  0x000002020cc2e8f0 JavaThread "Asynchronous log dispatcher for DefaultDaemonConnection: socket connection from /127.0.0.1:52807 to /127.0.0.1:52808" [_thread_blocked, id=262264, stack(0x0000002314500000,0x0000002314600000)]
  0x000002020cc31170 JavaThread "Stdin handler" [_thread_blocked, id=275424, stack(0x0000002314600000,0x0000002314700000)]
  0x000002020cc30240 JavaThread "Daemon client event forwarder" [_thread_blocked, id=243048, stack(0x0000002314700000,0x0000002314800000)]
  0x000002020cc31680 JavaThread "Cache worker for journal cache (C:\Users\louis\.gradle\caches\journal-1)" [_thread_blocked, id=273656, stack(0x0000002314800000,0x0000002314900000)]
  0x000002020cc31b90 JavaThread "File lock request listener" [_thread_in_native, id=268384, stack(0x0000002314900000,0x0000002314a00000)]
  0x000002020cc320a0 JavaThread "Cache worker for file hash cache (C:\Users\louis\.gradle\caches\9.3.1\fileHashes)" [_thread_blocked, id=275324, stack(0x0000002314a00000,0x0000002314b00000)]
  0x000002020cc2fd30 JavaThread "Cache worker for file hash cache (E:\Documents\GitHub\cookbook\.gradle\9.3.1\fileHashes)" [_thread_blocked, id=270228, stack(0x0000002314e00000,0x0000002314f00000)]
  0x000002020cede8e0 JavaThread "Cache worker for checksums cache (E:\Documents\GitHub\cookbook\.gradle\9.3.1\checksums)" [_thread_blocked, id=158768, stack(0x0000002315100000,0x0000002315200000)]
  0x000002020cede3d0 JavaThread "Cache worker for Build Output Cleanup Cache (E:\Documents\GitHub\cookbook\.gradle\buildOutputCleanup)" [_thread_blocked, id=276068, stack(0x0000002315000000,0x0000002315100000)]
  0x000002020cededf0 JavaThread "Cache worker for file content cache (C:\Users\louis\.gradle\caches\9.3.1\fileContent)" [_thread_blocked, id=261768, stack(0x0000002315500000,0x0000002315600000)]
  0x000002020cedf810 JavaThread "File watcher server" daemon [_thread_blocked, id=275588, stack(0x0000002315300000,0x0000002315400000)]
  0x000002020cedfd20 JavaThread "File watcher consumer" daemon [_thread_blocked, id=275544, stack(0x0000002315400000,0x0000002315500000)]
  0x000002020ceddec0 JavaThread "Cache worker for cache directory md-supplier (C:\Users\louis\.gradle\caches\9.3.1\md-supplier)" [_thread_blocked, id=238056, stack(0x0000002315200000,0x0000002315300000)]
  0x000002020cedc570 JavaThread "Cache worker for cache directory md-rule (C:\Users\louis\.gradle\caches\9.3.1\md-rule)" [_thread_blocked, id=228740, stack(0x0000002315600000,0x0000002315700000)]
  0x000002020cee0740 JavaThread "build event listener" [_thread_blocked, id=272656, stack(0x0000002315800000,0x0000002315900000)]
  0x000002020cedcf90 JavaThread "Build operations" [_thread_blocked, id=273284, stack(0x0000002315900000,0x0000002315a00000)]
  0x000002020cedd4a0 JavaThread "Memory manager" [_thread_blocked, id=167540, stack(0x0000002315700000,0x0000002315800000)]
  0x000002020cee2fc0 JavaThread "included builds" [_thread_blocked, id=261596, stack(0x0000002315c00000,0x0000002315d00000)]
  0x000002020cee1160 JavaThread "Execution worker" [_thread_blocked, id=166452, stack(0x0000002315d00000,0x0000002315e00000)]
  0x000002020cee1670 JavaThread "Cache worker for execution history cache (E:\Documents\GitHub\cookbook\.gradle\9.3.1\executionHistory)" [_thread_blocked, id=235668, stack(0x0000002315e00000,0x0000002315f00000)]
  0x000002020cee1b80 JavaThread "Unconstrained build operations" [_thread_blocked, id=275520, stack(0x0000002315f00000,0x0000002316000000)]
  0x000002020cee2090 JavaThread "Unconstrained build operations Thread 2" [_thread_blocked, id=260076, stack(0x0000002316000000,0x0000002316100000)]
  0x000002020cee39e0 JavaThread "Unconstrained build operations Thread 3" [_thread_blocked, id=261588, stack(0x0000002316100000,0x0000002316200000)]
  0x000002020cee25a0 JavaThread "Unconstrained build operations Thread 4" [_thread_blocked, id=265544, stack(0x0000002316200000,0x0000002316300000)]
  0x000002020cee2ab0 JavaThread "Unconstrained build operations Thread 5" [_thread_blocked, id=243020, stack(0x0000002316300000,0x0000002316400000)]
  0x00000202118fe880 JavaThread "Unconstrained build operations Thread 6" [_thread_blocked, id=98416, stack(0x0000002315b00000,0x0000002315c00000)]
  0x00000202118ff2a0 JavaThread "WorkerExecutor Queue" [_thread_blocked, id=247260, stack(0x0000002316700000,0x0000002316800000)]
  0x0000020211900bf0 JavaThread "Unconstrained build operations Thread 7" [_thread_blocked, id=231172, stack(0x0000002316800000,0x0000002316900000)]
  0x00000202118ff7b0 JavaThread "Unconstrained build operations Thread 8" [_thread_blocked, id=270192, stack(0x0000002316500000,0x0000002316600000)]
  0x00000202119001d0 JavaThread "Java2D Disposer" daemon [_thread_blocked, id=274564, stack(0x0000002316600000,0x0000002316700000)]
  0x00000202118ffcc0 JavaThread "AWT-Windows" daemon [_thread_in_native, id=269844, stack(0x0000002316a00000,0x0000002316b00000)]
  0x00000202118fd950 JavaThread "Unconstrained build operations Thread 9" [_thread_blocked, id=261548, stack(0x0000002312f00000,0x0000002313000000)]
  0x0000020211902f60 JavaThread "DefaultDispatcher-worker-1" daemon [_thread_blocked, id=273924, stack(0x0000002314f00000,0x0000002315000000)]
  0x0000020211901610 JavaThread "DefaultDispatcher-worker-2" daemon [_thread_blocked, id=274848, stack(0x0000002315a00000,0x0000002315b00000)]
  0x0000020211901b20 JavaThread "DefaultDispatcher-worker-3" daemon [_thread_blocked, id=263932, stack(0x0000002316400000,0x0000002316500000)]
  0x0000020211902030 JavaThread "Unconstrained build operations Thread 10" [_thread_blocked, id=224904, stack(0x0000002316c00000,0x0000002316d00000)]
  0x0000020211901100 JavaThread "Unconstrained build operations Thread 11" [_thread_blocked, id=221164, stack(0x0000002316900000,0x0000002316a00000)]
  0x0000020211903e90 JavaThread "Unconstrained build operations Thread 12" [_thread_blocked, id=274284, stack(0x0000002317300000,0x0000002317400000)]
  0x0000020211903470 JavaThread "Unconstrained build operations Thread 13" [_thread_blocked, id=274792, stack(0x0000002317400000,0x0000002317500000)]
  0x0000020211903980 JavaThread "Unconstrained build operations Thread 14" [_thread_blocked, id=269212, stack(0x0000002317500000,0x0000002317600000)]
  0x00000202119048b0 JavaThread "Unconstrained build operations Thread 15" [_thread_blocked, id=260428, stack(0x0000002317200000,0x0000002317300000)]
  0x000002020cedf300 JavaThread "Periodic tasks thread" daemon [_thread_blocked, id=156684, stack(0x0000002317700000,0x0000002317800000)]
  0x000002020cc30c60 JavaThread "ApplicationImpl pooled thread 1" [_thread_blocked, id=157856, stack(0x0000002317800000,0x0000002317900000)]
  0x0000020212521530 JavaThread "ForkJoinPool.commonPool-worker-1" daemon [_thread_blocked, id=275840, stack(0x0000002317000000,0x0000002317100000)]
  0x00000202125251f0 JavaThread "ForkJoinPool.commonPool-worker-2" daemon [_thread_blocked, id=274524, stack(0x0000002316e00000,0x0000002316f00000)]
  0x0000020212875980 JavaThread "Unconstrained build operations Thread 16" [_thread_blocked, id=275112, stack(0x0000002317900000,0x0000002317a00000)]
  0x0000020212876dc0 JavaThread "WorkerExecutor Queue Thread 2" [_thread_blocked, id=274296, stack(0x0000002316f00000,0x0000002317000000)]
  0x0000020212874a50 JavaThread "pool-2-thread-1" [_thread_blocked, id=273700, stack(0x0000002317100000,0x0000002317200000)]
  0x00000202219f08f0 JavaThread "C2 CompilerThread1" daemon [_thread_blocked, id=274960, stack(0x0000002316b00000,0x0000002316c00000)]
  0x00000202106633a0 JavaThread "C2 CompilerThread2" daemon [_thread_blocked, id=226056, stack(0x0000002311600000,0x0000002311700000)]
  0x00000202300988f0 JavaThread "C2 CompilerThread3" daemon [_thread_blocked, id=264552, stack(0x0000002311700000,0x0000002311800000)]
  0x0000020221098ff0 JavaThread "C2 CompilerThread4" daemon [_thread_blocked, id=274048, stack(0x0000002311800000,0x0000002311900000)]
  0x00000202106613c0 JavaThread "C2 CompilerThread5" daemon [_thread_blocked, id=266296, stack(0x0000002316d00000,0x0000002316e00000)]

Other Threads:
=>0x00000201c4d755b0 VMThread "VM Thread" [stack: 0x0000002311f00000,0x0000002312000000] [id=253584]
  0x00000201a698b1b0 WatcherThread [stack: 0x0000002312e00000,0x0000002312f00000] [id=261104]
  0x00000201a69d4070 GCTaskThread "GC Thread#0" [stack: 0x0000002311a00000,0x0000002311b00000] [id=271604]
  0x000002020a0c72e0 GCTaskThread "GC Thread#1" [stack: 0x0000002313300000,0x0000002313400000] [id=275108]
  0x000002020a0c7e20 GCTaskThread "GC Thread#2" [stack: 0x0000002313400000,0x0000002313500000] [id=227260]
  0x000002020a0c80f0 GCTaskThread "GC Thread#3" [stack: 0x0000002313500000,0x0000002313600000] [id=255728]
  0x000002020a0c8690 GCTaskThread "GC Thread#4" [stack: 0x0000002313600000,0x0000002313700000] [id=227892]
  0x000002020a0c6d40 GCTaskThread "GC Thread#5" [stack: 0x0000002313700000,0x0000002313800000] [id=226300]
  0x000002020bee50f0 GCTaskThread "GC Thread#6" [stack: 0x0000002313800000,0x0000002313900000] [id=226820]
  0x000002020bee7580 GCTaskThread "GC Thread#7" [stack: 0x0000002313900000,0x0000002313a00000] [id=228136]
  0x000002020bee8660 GCTaskThread "GC Thread#8" [stack: 0x0000002313a00000,0x0000002313b00000] [id=266912]
  0x000002020bee53c0 GCTaskThread "GC Thread#9" [stack: 0x0000002313b00000,0x0000002313c00000] [id=273552]
  0x000002020bee7850 GCTaskThread "GC Thread#10" [stack: 0x0000002313c00000,0x0000002313d00000] [id=276292]
  0x000002020bee5690 GCTaskThread "GC Thread#11" [stack: 0x0000002313d00000,0x0000002313e00000] [id=266460]
  0x000002020bee5c30 GCTaskThread "GC Thread#12" [stack: 0x0000002313e00000,0x0000002313f00000] [id=228340]
  0x000002020bee8930 GCTaskThread "GC Thread#13" [stack: 0x0000002313f00000,0x0000002314000000] [id=181296]
  0x000002020bee6fe0 GCTaskThread "GC Thread#14" [stack: 0x0000002314000000,0x0000002314100000] [id=249292]
  0x00000201a69e0de0 ConcurrentGCThread "G1 Main Marker" [stack: 0x0000002311b00000,0x0000002311c00000] [id=187012]
  0x00000201a69e3290 ConcurrentGCThread "G1 Conc#0" [stack: 0x0000002311c00000,0x0000002311d00000] [id=164108]
  0x000002020bee80c0 ConcurrentGCThread "G1 Conc#1" [stack: 0x0000002314b00000,0x0000002314c00000] [id=276336]
  0x000002020bee5f00 ConcurrentGCThread "G1 Conc#2" [stack: 0x0000002314c00000,0x0000002314d00000] [id=272964]
  0x000002020bee61d0 ConcurrentGCThread "G1 Conc#3" [stack: 0x0000002314d00000,0x0000002314e00000] [id=275624]
  0x00000201c4b6b4c0 ConcurrentGCThread "G1 Refine#0" [stack: 0x0000002311d00000,0x0000002311e00000] [id=166348]
  0x000002020fafab10 ConcurrentGCThread "G1 Refine#1" [stack: 0x0000002317c00000,0x0000002317d00000] [id=273984]
  0x000002020e616fb0 ConcurrentGCThread "G1 Refine#2" [stack: 0x0000002317d00000,0x0000002317e00000] [id=156836]
  0x000002020e6175b0 ConcurrentGCThread "G1 Refine#3" [stack: 0x0000002317e00000,0x0000002317f00000] [id=268524]
  0x000002020e6178b0 ConcurrentGCThread "G1 Refine#4" [stack: 0x0000002317f00000,0x0000002318000000] [id=139060]
  0x000002020e6169b0 ConcurrentGCThread "G1 Refine#5" [stack: 0x0000002318000000,0x0000002318100000] [id=273824]
  0x000002020e616cb0 ConcurrentGCThread "G1 Refine#6" [stack: 0x0000002318100000,0x0000002318200000] [id=271188]
  0x000002020e6172b0 ConcurrentGCThread "G1 Refine#7" [stack: 0x0000002318200000,0x0000002318300000] [id=269012]
  0x000002020e617bb0 ConcurrentGCThread "G1 Refine#8" [stack: 0x0000002318300000,0x0000002318400000] [id=170156]
  0x00000201c4b6b7c0 ConcurrentGCThread "G1 Service" [stack: 0x0000002311e00000,0x0000002311f00000] [id=106064]

Threads with active compile tasks:
C2 CompilerThread0  70455 32164       4       org.jetbrains.kotlin.load.java.structure.impl.classFiles.BinaryJavaMethodBase$Companion::create (572 bytes)
C1 CompilerThread2  70455 32289       1       org.jetbrains.kotlin.fir.analysis.checkers.DeclarationBuckets::getClassLikes (5 bytes)
C1 CompilerThread3  70455 32288       3       org.jetbrains.kotlin.fir.analysis.checkers.FirRedeclarationPresenter::appendRepresentation (15 bytes)
C2 CompilerThread3  70455 32234       4       org.jetbrains.kotlin.fir.java.JavaTypeConversionKt::toConeTypeProjection (1054 bytes)
C2 CompilerThread4  70455 32275   !   4       org.jetbrains.kotlin.fir.analysis.collectors.AbstractDiagnosticCollectorVisitor::visitTypeRef (423 bytes)
C2 CompilerThread5  70455 32259       4       org.jetbrains.kotlin.fir.java.JavaAnnotationsMappingKt::convertAnnotationsToFir (242 bytes)

VM state: at safepoint (normal execution)

VM Mutex/Monitor currently owned by a thread:  ([mutex/lock_event])
[0x00000201a3178870] Threads_lock - owner thread: 0x00000201c4d755b0
[0x00000201a6986b10] Heap_lock - owner thread: 0x00000201a69e0de0

Heap address: 0x00000000a0000000, size: 1536 MB, Compressed Oops mode: 32-bit

CDS archive(s) mapped at: [0x00000201c5000000-0x00000201c5bb0000-0x00000201c5bb0000), size 12255232, SharedBaseAddress: 0x00000201c5000000, ArchiveRelocationMode: 1.
Compressed class space mapped at: 0x00000201c6000000-0x0000020206000000, reserved size: 1073741824
Narrow klass base: 0x00000201c5000000, Narrow klass shift: 0, Narrow klass range: 0x100000000

GC Precious Log:
 CPUs: 20 total, 20 available
 Memory: 64978M
 Large Page Support: Disabled
 NUMA Support: Disabled
 Compressed Oops: Enabled (32-bit)
 Heap Region Size: 1M
 Heap Min Capacity: 8M
 Heap Initial Capacity: 1016M
 Heap Max Capacity: 1536M
 Pre-touch: Disabled
 Parallel Workers: 15
 Concurrent Workers: 4
 Concurrent Refinement Workers: 15
 Periodic GC: Disabled

Heap:
 garbage-first heap   total 563200K, used 408444K [0x00000000a0000000, 0x0000000100000000)
  region size 1024K, 17 young (17408K), 10 survivors (10240K)
 Metaspace       used 180964K, committed 182144K, reserved 1245184K
  class space    used 21926K, committed 22528K, reserved 1048576K

Heap Regions: E=young(eden), S=young(survivor), O=old, HS=humongous(starts), HC=humongous(continues), CS=collection set, F=free, OA=open archive, CA=closed archive, TAMS=top-at-mark-start (previous, next)
|   0|0x00000000a0000000, 0x00000000a0100000, 0x00000000a0100000|100%|HS|  |TAMS 0x00000000a0100000, 0x00000000a0000000| Complete 
|   1|0x00000000a0100000, 0x00000000a0200000, 0x00000000a0200000|100%|HC|  |TAMS 0x00000000a0200000, 0x00000000a0100000| Complete 
|   2|0x00000000a0200000, 0x00000000a0300000, 0x00000000a0300000|100%|HC|  |TAMS 0x00000000a0300000, 0x00000000a0200000| Complete 
|   3|0x00000000a0300000, 0x00000000a0400000, 0x00000000a0400000|100%|HC|  |TAMS 0x00000000a0400000, 0x00000000a0300000| Complete 
|   4|0x00000000a0400000, 0x00000000a0500000, 0x00000000a0500000|100%| O|  |TAMS 0x00000000a0500000, 0x00000000a0400000| Untracked 
|   5|0x00000000a0500000, 0x00000000a0600000, 0x00000000a0600000|100%|HS|  |TAMS 0x00000000a0600000, 0x00000000a0500000| Complete 
|   6|0x00000000a0600000, 0x00000000a0700000, 0x00000000a0700000|100%| O|  |TAMS 0x00000000a0700000, 0x00000000a0600000| Untracked 
|   7|0x00000000a0700000, 0x00000000a0800000, 0x00000000a0800000|100%| O|  |TAMS 0x00000000a0800000, 0x00000000a0700000| Untracked 
|   8|0x00000000a0800000, 0x00000000a0900000, 0x00000000a0900000|100%| O|  |TAMS 0x00000000a0900000, 0x00000000a0800000| Untracked 
|   9|0x00000000a0900000, 0x00000000a0a00000, 0x00000000a0a00000|100%| O|  |TAMS 0x00000000a0a00000, 0x00000000a0900000| Updating 
|  10|0x00000000a0a00000, 0x00000000a0b00000, 0x00000000a0b00000|100%| O|  |TAMS 0x00000000a0b00000, 0x00000000a0a00000| Untracked 
|  11|0x00000000a0b00000, 0x00000000a0c00000, 0x00000000a0c00000|100%| O|  |TAMS 0x00000000a0c00000, 0x00000000a0b00000| Untracked 
|  12|0x00000000a0c00000, 0x00000000a0d00000, 0x00000000a0d00000|100%| O|  |TAMS 0x00000000a0d00000, 0x00000000a0c00000| Untracked 
|  13|0x00000000a0d00000, 0x00000000a0e00000, 0x00000000a0e00000|100%| O|  |TAMS 0x00000000a0e00000, 0x00000000a0d00000| Updating 
|  14|0x00000000a0e00000, 0x00000000a0f00000, 0x00000000a0f00000|100%| O|  |TAMS 0x00000000a0f00000, 0x00000000a0e00000| Untracked 
|  15|0x00000000a0f00000, 0x00000000a1000000, 0x00000000a1000000|100%| O|  |TAMS 0x00000000a1000000, 0x00000000a0f00000| Untracked 
|  16|0x00000000a1000000, 0x00000000a1100000, 0x00000000a1100000|100%| O|  |TAMS 0x00000000a1100000, 0x00000000a1000000| Untracked 
|  17|0x00000000a1100000, 0x00000000a1200000, 0x00000000a1200000|100%| O|  |TAMS 0x00000000a1200000, 0x00000000a1100000| Untracked 
|  18|0x00000000a1200000, 0x00000000a1300000, 0x00000000a1300000|100%| O|  |TAMS 0x00000000a1300000, 0x00000000a1200000| Untracked 
|  19|0x00000000a1300000, 0x00000000a1400000, 0x00000000a1400000|100%| O|  |TAMS 0x00000000a1400000, 0x00000000a1300000| Untracked 
|  20|0x00000000a1400000, 0x00000000a1500000, 0x00000000a1500000|100%| O|  |TAMS 0x00000000a1500000, 0x00000000a1400000| Untracked 
|  21|0x00000000a1500000, 0x00000000a1600000, 0x00000000a1600000|100%| O|  |TAMS 0x00000000a1600000, 0x00000000a1500000| Untracked 
|  22|0x00000000a1600000, 0x00000000a1700000, 0x00000000a1700000|100%| O|  |TAMS 0x00000000a1700000, 0x00000000a1600000| Untracked 
|  23|0x00000000a1700000, 0x00000000a1800000, 0x00000000a1800000|100%| O|  |TAMS 0x00000000a1800000, 0x00000000a1700000| Untracked 
|  24|0x00000000a1800000, 0x00000000a1900000, 0x00000000a1900000|100%|HS|  |TAMS 0x00000000a1900000, 0x00000000a1800000| Complete 
|  25|0x00000000a1900000, 0x00000000a1a00000, 0x00000000a1a00000|100%|HS|  |TAMS 0x00000000a1a00000, 0x00000000a1900000| Complete 
|  26|0x00000000a1a00000, 0x00000000a1b00000, 0x00000000a1b00000|100%|HS|  |TAMS 0x00000000a1b00000, 0x00000000a1a00000| Complete 
|  27|0x00000000a1b00000, 0x00000000a1c00000, 0x00000000a1c00000|100%|HS|  |TAMS 0x00000000a1c00000, 0x00000000a1b00000| Complete 
|  28|0x00000000a1c00000, 0x00000000a1d00000, 0x00000000a1d00000|100%|HC|  |TAMS 0x00000000a1d00000, 0x00000000a1c00000| Complete 
|  29|0x00000000a1d00000, 0x00000000a1e00000, 0x00000000a1e00000|100%|HS|  |TAMS 0x00000000a1e00000, 0x00000000a1d00000| Complete 
|  30|0x00000000a1e00000, 0x00000000a1f00000, 0x00000000a1f00000|100%|HS|  |TAMS 0x00000000a1f00000, 0x00000000a1e00000| Complete 
|  31|0x00000000a1f00000, 0x00000000a2000000, 0x00000000a2000000|100%|HC|  |TAMS 0x00000000a2000000, 0x00000000a1f00000| Complete 
|  32|0x00000000a2000000, 0x00000000a2100000, 0x00000000a2100000|100%| O|  |TAMS 0x00000000a2100000, 0x00000000a2000000| Untracked 
|  33|0x00000000a2100000, 0x00000000a2200000, 0x00000000a2200000|100%| O|  |TAMS 0x00000000a2200000, 0x00000000a2100000| Untracked 
|  34|0x00000000a2200000, 0x00000000a2300000, 0x00000000a2300000|100%| O|  |TAMS 0x00000000a2300000, 0x00000000a2200000| Updating 
|  35|0x00000000a2300000, 0x00000000a2400000, 0x00000000a2400000|100%| O|  |TAMS 0x00000000a2400000, 0x00000000a2300000| Untracked 
|  36|0x00000000a2400000, 0x00000000a2500000, 0x00000000a2500000|100%| O|  |TAMS 0x00000000a2500000, 0x00000000a2400000| Untracked 
|  37|0x00000000a2500000, 0x00000000a2600000, 0x00000000a2600000|100%| O|  |TAMS 0x00000000a2600000, 0x00000000a2500000| Updating 
|  38|0x00000000a2600000, 0x00000000a2700000, 0x00000000a2700000|100%| O|  |TAMS 0x00000000a2700000, 0x00000000a2600000| Updating 
|  39|0x00000000a2700000, 0x00000000a2800000, 0x00000000a2800000|100%| O|  |TAMS 0x00000000a2800000, 0x00000000a2700000| Untracked 
|  40|0x00000000a2800000, 0x00000000a2900000, 0x00000000a2900000|100%| O|  |TAMS 0x00000000a2900000, 0x00000000a2800000| Untracked 
|  41|0x00000000a2900000, 0x00000000a2a00000, 0x00000000a2a00000|100%| O|  |TAMS 0x00000000a2a00000, 0x00000000a2900000| Untracked 
|  42|0x00000000a2a00000, 0x00000000a2b00000, 0x00000000a2b00000|100%| O|  |TAMS 0x00000000a2b00000, 0x00000000a2a00000| Untracked 
|  43|0x00000000a2b00000, 0x00000000a2c00000, 0x00000000a2c00000|100%| O|  |TAMS 0x00000000a2c00000, 0x00000000a2b00000| Untracked 
|  44|0x00000000a2c00000, 0x00000000a2d00000, 0x00000000a2d00000|100%| O|  |TAMS 0x00000000a2d00000, 0x00000000a2c00000| Untracked 
|  45|0x00000000a2d00000, 0x00000000a2e00000, 0x00000000a2e00000|100%| O|  |TAMS 0x00000000a2e00000, 0x00000000a2d00000| Updating 
|  46|0x00000000a2e00000, 0x00000000a2f00000, 0x00000000a2f00000|100%| O|  |TAMS 0x00000000a2f00000, 0x00000000a2e00000| Updating 
|  47|0x00000000a2f00000, 0x00000000a3000000, 0x00000000a3000000|100%| O|  |TAMS 0x00000000a3000000, 0x00000000a2f00000| Untracked 
|  48|0x00000000a3000000, 0x00000000a3100000, 0x00000000a3100000|100%|HS|  |TAMS 0x00000000a3100000, 0x00000000a3000000| Complete 
|  49|0x00000000a3100000, 0x00000000a3200000, 0x00000000a3200000|100%|HS|  |TAMS 0x00000000a3200000, 0x00000000a3100000| Complete 
|  50|0x00000000a3200000, 0x00000000a3300000, 0x00000000a3300000|100%|HS|  |TAMS 0x00000000a3300000, 0x00000000a3200000| Complete 
|  51|0x00000000a3300000, 0x00000000a3400000, 0x00000000a3400000|100%|HC|  |TAMS 0x00000000a3400000, 0x00000000a3300000| Complete 
|  52|0x00000000a3400000, 0x00000000a3500000, 0x00000000a3500000|100%|HC|  |TAMS 0x00000000a3500000, 0x00000000a3400000| Complete 
|  53|0x00000000a3500000, 0x00000000a3600000, 0x00000000a3600000|100%|HC|  |TAMS 0x00000000a3600000, 0x00000000a3500000| Complete 
|  54|0x00000000a3600000, 0x00000000a3700000, 0x00000000a3700000|100%|HC|  |TAMS 0x00000000a3700000, 0x00000000a3600000| Complete 
|  55|0x00000000a3700000, 0x00000000a3800000, 0x00000000a3800000|100%| O|  |TAMS 0x00000000a3800000, 0x00000000a3700000| Updating 
|  56|0x00000000a3800000, 0x00000000a3900000, 0x00000000a3900000|100%| O|  |TAMS 0x00000000a3900000, 0x00000000a3800000| Updating 
|  57|0x00000000a3900000, 0x00000000a3a00000, 0x00000000a3a00000|100%| O|  |TAMS 0x00000000a3a00000, 0x00000000a3900000| Untracked 
|  58|0x00000000a3a00000, 0x00000000a3b00000, 0x00000000a3b00000|100%| O|  |TAMS 0x00000000a3b00000, 0x00000000a3a00000| Untracked 
|  59|0x00000000a3b00000, 0x00000000a3c00000, 0x00000000a3c00000|100%| O|  |TAMS 0x00000000a3c00000, 0x00000000a3b00000| Untracked 
|  60|0x00000000a3c00000, 0x00000000a3d00000, 0x00000000a3d00000|100%| O|  |TAMS 0x00000000a3d00000, 0x00000000a3c00000| Untracked 
|  61|0x00000000a3d00000, 0x00000000a3e00000, 0x00000000a3e00000|100%| O|  |TAMS 0x00000000a3e00000, 0x00000000a3d00000| Untracked 
|  62|0x00000000a3e00000, 0x00000000a3f00000, 0x00000000a3f00000|100%| O|  |TAMS 0x00000000a3f00000, 0x00000000a3e00000| Untracked 
|  63|0x00000000a3f00000, 0x00000000a4000000, 0x00000000a4000000|100%| O|  |TAMS 0x00000000a4000000, 0x00000000a3f00000| Untracked 
|  64|0x00000000a4000000, 0x00000000a4100000, 0x00000000a4100000|100%| O|  |TAMS 0x00000000a4100000, 0x00000000a4000000| Updating 
|  65|0x00000000a4100000, 0x00000000a4200000, 0x00000000a4200000|100%| O|  |TAMS 0x00000000a4200000, 0x00000000a4100000| Untracked 
|  66|0x00000000a4200000, 0x00000000a4300000, 0x00000000a4300000|100%| O|  |TAMS 0x00000000a4300000, 0x00000000a4200000| Untracked 
|  67|0x00000000a4300000, 0x00000000a4400000, 0x00000000a4400000|100%| O|  |TAMS 0x00000000a4400000, 0x00000000a4300000| Untracked 
|  68|0x00000000a4400000, 0x00000000a4500000, 0x00000000a4500000|100%| O|  |TAMS 0x00000000a4500000, 0x00000000a4400000| Untracked 
|  69|0x00000000a4500000, 0x00000000a4600000, 0x00000000a4600000|100%| O|  |TAMS 0x00000000a4600000, 0x00000000a4500000| Untracked 
|  70|0x00000000a4600000, 0x00000000a4700000, 0x00000000a4700000|100%| O|  |TAMS 0x00000000a4700000, 0x00000000a4600000| Untracked 
|  71|0x00000000a4700000, 0x00000000a4800000, 0x00000000a4800000|100%| O|  |TAMS 0x00000000a4800000, 0x00000000a4700000| Untracked 
|  72|0x00000000a4800000, 0x00000000a4900000, 0x00000000a4900000|100%| O|  |TAMS 0x00000000a4900000, 0x00000000a4800000| Untracked 
|  73|0x00000000a4900000, 0x00000000a4a00000, 0x00000000a4a00000|100%| O|  |TAMS 0x00000000a4a00000, 0x00000000a4900000| Untracked 
|  74|0x00000000a4a00000, 0x00000000a4b00000, 0x00000000a4b00000|100%| O|  |TAMS 0x00000000a4b00000, 0x00000000a4a00000| Untracked 
|  75|0x00000000a4b00000, 0x00000000a4c00000, 0x00000000a4c00000|100%| O|  |TAMS 0x00000000a4c00000, 0x00000000a4b00000| Untracked 
|  76|0x00000000a4c00000, 0x00000000a4d00000, 0x00000000a4d00000|100%| O|  |TAMS 0x00000000a4d00000, 0x00000000a4c00000| Untracked 
|  77|0x00000000a4d00000, 0x00000000a4e00000, 0x00000000a4e00000|100%| O|  |TAMS 0x00000000a4e00000, 0x00000000a4d00000| Untracked 
|  78|0x00000000a4e00000, 0x00000000a4f00000, 0x00000000a4f00000|100%| O|  |TAMS 0x00000000a4f00000, 0x00000000a4e00000| Untracked 
|  79|0x00000000a4f00000, 0x00000000a5000000, 0x00000000a5000000|100%| O|  |TAMS 0x00000000a5000000, 0x00000000a4f00000| Untracked 
|  80|0x00000000a5000000, 0x00000000a5100000, 0x00000000a5100000|100%| O|  |TAMS 0x00000000a5100000, 0x00000000a5000000| Untracked 
|  81|0x00000000a5100000, 0x00000000a5200000, 0x00000000a5200000|100%| O|  |TAMS 0x00000000a5200000, 0x00000000a5100000| Untracked 
|  82|0x00000000a5200000, 0x00000000a5300000, 0x00000000a5300000|100%| O|  |TAMS 0x00000000a5300000, 0x00000000a5200000| Untracked 
|  83|0x00000000a5300000, 0x00000000a5400000, 0x00000000a5400000|100%| O|  |TAMS 0x00000000a5400000, 0x00000000a5300000| Untracked 
|  84|0x00000000a5400000, 0x00000000a5500000, 0x00000000a5500000|100%| O|  |TAMS 0x00000000a5500000, 0x00000000a5400000| Untracked 
|  85|0x00000000a5500000, 0x00000000a5600000, 0x00000000a5600000|100%| O|  |TAMS 0x00000000a5600000, 0x00000000a5500000| Untracked 
|  86|0x00000000a5600000, 0x00000000a5700000, 0x00000000a5700000|100%| O|  |TAMS 0x00000000a5700000, 0x00000000a5600000| Untracked 
|  87|0x00000000a5700000, 0x00000000a5800000, 0x00000000a5800000|100%| O|  |TAMS 0x00000000a5800000, 0x00000000a5700000| Untracked 
|  88|0x00000000a5800000, 0x00000000a5900000, 0x00000000a5900000|100%| O|  |TAMS 0x00000000a5900000, 0x00000000a5800000| Untracked 
|  89|0x00000000a5900000, 0x00000000a5a00000, 0x00000000a5a00000|100%| O|  |TAMS 0x00000000a5a00000, 0x00000000a5900000| Untracked 
|  90|0x00000000a5a00000, 0x00000000a5b00000, 0x00000000a5b00000|100%| O|  |TAMS 0x00000000a5b00000, 0x00000000a5a00000| Untracked 
|  91|0x00000000a5b00000, 0x00000000a5c00000, 0x00000000a5c00000|100%| O|  |TAMS 0x00000000a5c00000, 0x00000000a5b00000| Untracked 
|  92|0x00000000a5c00000, 0x00000000a5d00000, 0x00000000a5d00000|100%| O|  |TAMS 0x00000000a5d00000, 0x00000000a5c00000| Untracked 
|  93|0x00000000a5d00000, 0x00000000a5e00000, 0x00000000a5e00000|100%| O|  |TAMS 0x00000000a5e00000, 0x00000000a5d00000| Updating 
|  94|0x00000000a5e00000, 0x00000000a5f00000, 0x00000000a5f00000|100%| O|  |TAMS 0x00000000a5f00000, 0x00000000a5e00000| Updating 
|  95|0x00000000a5f00000, 0x00000000a6000000, 0x00000000a6000000|100%| O|  |TAMS 0x00000000a6000000, 0x00000000a5f00000| Updating 
|  96|0x00000000a6000000, 0x00000000a6100000, 0x00000000a6100000|100%| O|  |TAMS 0x00000000a6100000, 0x00000000a6000000| Updating 
|  97|0x00000000a6100000, 0x00000000a6200000, 0x00000000a6200000|100%| O|  |TAMS 0x00000000a6200000, 0x00000000a6100000| Untracked 
|  98|0x00000000a6200000, 0x00000000a6300000, 0x00000000a6300000|100%| O|  |TAMS 0x00000000a6300000, 0x00000000a6200000| Updating 
|  99|0x00000000a6300000, 0x00000000a6400000, 0x00000000a6400000|100%| O|  |TAMS 0x00000000a6400000, 0x00000000a6300000| Untracked 
| 100|0x00000000a6400000, 0x00000000a6500000, 0x00000000a6500000|100%| O|  |TAMS 0x00000000a6500000, 0x00000000a6400000| Untracked 
| 101|0x00000000a6500000, 0x00000000a6600000, 0x00000000a6600000|100%| O|  |TAMS 0x00000000a6600000, 0x00000000a6500000| Updating 
| 102|0x00000000a6600000, 0x00000000a6700000, 0x00000000a6700000|100%| O|  |TAMS 0x00000000a6700000, 0x00000000a6600000| Untracked 
| 103|0x00000000a6700000, 0x00000000a6800000, 0x00000000a6800000|100%| O|  |TAMS 0x00000000a6800000, 0x00000000a6700000| Untracked 
| 104|0x00000000a6800000, 0x00000000a6900000, 0x00000000a6900000|100%| O|  |TAMS 0x00000000a6900000, 0x00000000a6800000| Untracked 
| 105|0x00000000a6900000, 0x00000000a6a00000, 0x00000000a6a00000|100%| O|  |TAMS 0x00000000a6a00000, 0x00000000a6900000| Untracked 
| 106|0x00000000a6a00000, 0x00000000a6b00000, 0x00000000a6b00000|100%| O|  |TAMS 0x00000000a6b00000, 0x00000000a6a00000| Updating 
| 107|0x00000000a6b00000, 0x00000000a6c00000, 0x00000000a6c00000|100%| O|  |TAMS 0x00000000a6c00000, 0x00000000a6b00000| Untracked 
| 108|0x00000000a6c00000, 0x00000000a6d00000, 0x00000000a6d00000|100%| O|  |TAMS 0x00000000a6d00000, 0x00000000a6c00000| Updating 
| 109|0x00000000a6d00000, 0x00000000a6e00000, 0x00000000a6e00000|100%| O|  |TAMS 0x00000000a6e00000, 0x00000000a6d00000| Updating 
| 110|0x00000000a6e00000, 0x00000000a6f00000, 0x00000000a6f00000|100%| O|  |TAMS 0x00000000a6f00000, 0x00000000a6e00000| Updating 
| 111|0x00000000a6f00000, 0x00000000a7000000, 0x00000000a7000000|100%| O|  |TAMS 0x00000000a7000000, 0x00000000a6f00000| Untracked 
| 112|0x00000000a7000000, 0x00000000a7100000, 0x00000000a7100000|100%| O|  |TAMS 0x00000000a7100000, 0x00000000a7000000| Untracked 
| 113|0x00000000a7100000, 0x00000000a7200000, 0x00000000a7200000|100%| O|  |TAMS 0x00000000a7200000, 0x00000000a7100000| Updating 
| 114|0x00000000a7200000, 0x00000000a7300000, 0x00000000a7300000|100%| O|  |TAMS 0x00000000a7300000, 0x00000000a7200000| Updating 
| 115|0x00000000a7300000, 0x00000000a7400000, 0x00000000a7400000|100%| O|  |TAMS 0x00000000a7400000, 0x00000000a7300000| Untracked 
| 116|0x00000000a7400000, 0x00000000a7500000, 0x00000000a7500000|100%| O|  |TAMS 0x00000000a7500000, 0x00000000a7400000| Untracked 
| 117|0x00000000a7500000, 0x00000000a7600000, 0x00000000a7600000|100%| O|  |TAMS 0x00000000a7600000, 0x00000000a7500000| Untracked 
| 118|0x00000000a7600000, 0x00000000a7700000, 0x00000000a7700000|100%|HS|  |TAMS 0x00000000a7700000, 0x00000000a7600000| Complete 
| 119|0x00000000a7700000, 0x00000000a7800000, 0x00000000a7800000|100%| O|  |TAMS 0x00000000a7800000, 0x00000000a7700000| Untracked 
| 120|0x00000000a7800000, 0x00000000a7900000, 0x00000000a7900000|100%| O|  |TAMS 0x00000000a7900000, 0x00000000a7800000| Untracked 
| 121|0x00000000a7900000, 0x00000000a7a00000, 0x00000000a7a00000|100%| O|  |TAMS 0x00000000a7a00000, 0x00000000a7900000| Untracked 
| 122|0x00000000a7a00000, 0x00000000a7b00000, 0x00000000a7b00000|100%| O|  |TAMS 0x00000000a7b00000, 0x00000000a7a00000| Updating 
| 123|0x00000000a7b00000, 0x00000000a7c00000, 0x00000000a7c00000|100%|HS|  |TAMS 0x00000000a7c00000, 0x00000000a7b00000| Complete 
| 124|0x00000000a7c00000, 0x00000000a7d00000, 0x00000000a7d00000|100%|HC|  |TAMS 0x00000000a7d00000, 0x00000000a7c00000| Complete 
| 125|0x00000000a7d00000, 0x00000000a7e00000, 0x00000000a7e00000|100%|HC|  |TAMS 0x00000000a7e00000, 0x00000000a7d00000| Complete 
| 126|0x00000000a7e00000, 0x00000000a7f00000, 0x00000000a7f00000|100%| O|  |TAMS 0x00000000a7f00000, 0x00000000a7e00000| Untracked 
| 127|0x00000000a7f00000, 0x00000000a8000000, 0x00000000a8000000|100%| O|  |TAMS 0x00000000a8000000, 0x00000000a7f00000| Untracked 
| 128|0x00000000a8000000, 0x00000000a8100000, 0x00000000a8100000|100%| O|  |TAMS 0x00000000a8100000, 0x00000000a8000000| Untracked 
| 129|0x00000000a8100000, 0x00000000a8200000, 0x00000000a8200000|100%| O|  |TAMS 0x00000000a8200000, 0x00000000a8100000| Untracked 
| 130|0x00000000a8200000, 0x00000000a8300000, 0x00000000a8300000|100%| O|  |TAMS 0x00000000a8300000, 0x00000000a8200000| Untracked 
| 131|0x00000000a8300000, 0x00000000a8400000, 0x00000000a8400000|100%| O|  |TAMS 0x00000000a8400000, 0x00000000a8300000| Untracked 
| 132|0x00000000a8400000, 0x00000000a8500000, 0x00000000a8500000|100%| O|  |TAMS 0x00000000a8500000, 0x00000000a8400000| Updating 
| 133|0x00000000a8500000, 0x00000000a8600000, 0x00000000a8600000|100%| O|  |TAMS 0x00000000a8600000, 0x00000000a8500000| Untracked 
| 134|0x00000000a8600000, 0x00000000a8700000, 0x00000000a8700000|100%| O|  |TAMS 0x00000000a8700000, 0x00000000a8600000| Untracked 
| 135|0x00000000a8700000, 0x00000000a8800000, 0x00000000a8800000|100%| O|  |TAMS 0x00000000a8800000, 0x00000000a8700000| Untracked 
| 136|0x00000000a8800000, 0x00000000a8900000, 0x00000000a8900000|100%| O|  |TAMS 0x00000000a8900000, 0x00000000a8800000| Untracked 
| 137|0x00000000a8900000, 0x00000000a8a00000, 0x00000000a8a00000|100%| O|  |TAMS 0x00000000a8a00000, 0x00000000a8900000| Untracked 
| 138|0x00000000a8a00000, 0x00000000a8b00000, 0x00000000a8b00000|100%| O|  |TAMS 0x00000000a8b00000, 0x00000000a8a00000| Untracked 
| 139|0x00000000a8b00000, 0x00000000a8c00000, 0x00000000a8c00000|100%| O|  |TAMS 0x00000000a8c00000, 0x00000000a8b00000| Untracked 
| 140|0x00000000a8c00000, 0x00000000a8d00000, 0x00000000a8d00000|100%| O|  |TAMS 0x00000000a8d00000, 0x00000000a8c00000| Untracked 
| 141|0x00000000a8d00000, 0x00000000a8e00000, 0x00000000a8e00000|100%| O|  |TAMS 0x00000000a8e00000, 0x00000000a8d00000| Untracked 
| 142|0x00000000a8e00000, 0x00000000a8f00000, 0x00000000a8f00000|100%| O|  |TAMS 0x00000000a8f00000, 0x00000000a8e00000| Untracked 
| 143|0x00000000a8f00000, 0x00000000a9000000, 0x00000000a9000000|100%| O|  |TAMS 0x00000000a9000000, 0x00000000a8f00000| Untracked 
| 144|0x00000000a9000000, 0x00000000a9100000, 0x00000000a9100000|100%| O|  |TAMS 0x00000000a9100000, 0x00000000a9000000| Untracked 
| 145|0x00000000a9100000, 0x00000000a9200000, 0x00000000a9200000|100%| O|  |TAMS 0x00000000a9200000, 0x00000000a9100000| Untracked 
| 146|0x00000000a9200000, 0x00000000a9300000, 0x00000000a9300000|100%| O|  |TAMS 0x00000000a9300000, 0x00000000a9200000| Untracked 
| 147|0x00000000a9300000, 0x00000000a9400000, 0x00000000a9400000|100%| O|  |TAMS 0x00000000a9400000, 0x00000000a9300000| Updating 
| 148|0x00000000a9400000, 0x00000000a9500000, 0x00000000a9500000|100%| O|  |TAMS 0x00000000a9500000, 0x00000000a9400000| Untracked 
| 149|0x00000000a9500000, 0x00000000a9600000, 0x00000000a9600000|100%| O|  |TAMS 0x00000000a9600000, 0x00000000a9500000| Untracked 
| 150|0x00000000a9600000, 0x00000000a9700000, 0x00000000a9700000|100%| O|  |TAMS 0x00000000a9700000, 0x00000000a9600000| Untracked 
| 151|0x00000000a9700000, 0x00000000a9800000, 0x00000000a9800000|100%| O|  |TAMS 0x00000000a9800000, 0x00000000a9700000| Untracked 
| 152|0x00000000a9800000, 0x00000000a9900000, 0x00000000a9900000|100%| O|  |TAMS 0x00000000a9900000, 0x00000000a9800000| Untracked 
| 153|0x00000000a9900000, 0x00000000a9a00000, 0x00000000a9a00000|100%| O|  |TAMS 0x00000000a9a00000, 0x00000000a9900000| Untracked 
| 154|0x00000000a9a00000, 0x00000000a9b00000, 0x00000000a9b00000|100%| O|  |TAMS 0x00000000a9b00000, 0x00000000a9a00000| Untracked 
| 155|0x00000000a9b00000, 0x00000000a9c00000, 0x00000000a9c00000|100%| O|  |TAMS 0x00000000a9c00000, 0x00000000a9b00000| Untracked 
| 156|0x00000000a9c00000, 0x00000000a9d00000, 0x00000000a9d00000|100%| O|  |TAMS 0x00000000a9d00000, 0x00000000a9c00000| Untracked 
| 157|0x00000000a9d00000, 0x00000000a9e00000, 0x00000000a9e00000|100%| O|  |TAMS 0x00000000a9e00000, 0x00000000a9d00000| Untracked 
| 158|0x00000000a9e00000, 0x00000000a9f00000, 0x00000000a9f00000|100%| O|  |TAMS 0x00000000a9f00000, 0x00000000a9e00000| Untracked 
| 159|0x00000000a9f00000, 0x00000000aa000000, 0x00000000aa000000|100%| O|  |TAMS 0x00000000aa000000, 0x00000000a9f00000| Untracked 
| 160|0x00000000aa000000, 0x00000000aa100000, 0x00000000aa100000|100%| O|  |TAMS 0x00000000aa100000, 0x00000000aa000000| Untracked 
| 161|0x00000000aa100000, 0x00000000aa200000, 0x00000000aa200000|100%| O|  |TAMS 0x00000000aa200000, 0x00000000aa100000| Updating 
| 162|0x00000000aa200000, 0x00000000aa300000, 0x00000000aa300000|100%| O|  |TAMS 0x00000000aa300000, 0x00000000aa200000| Untracked 
| 163|0x00000000aa300000, 0x00000000aa400000, 0x00000000aa400000|100%|HS|  |TAMS 0x00000000aa400000, 0x00000000aa300000| Complete 
| 164|0x00000000aa400000, 0x00000000aa500000, 0x00000000aa500000|100%| O|  |TAMS 0x00000000aa500000, 0x00000000aa400000| Untracked 
| 165|0x00000000aa500000, 0x00000000aa600000, 0x00000000aa600000|100%| O|  |TAMS 0x00000000aa600000, 0x00000000aa500000| Untracked 
| 166|0x00000000aa600000, 0x00000000aa700000, 0x00000000aa700000|100%| O|  |TAMS 0x00000000aa700000, 0x00000000aa600000| Untracked 
| 167|0x00000000aa700000, 0x00000000aa800000, 0x00000000aa800000|100%| O|  |TAMS 0x00000000aa800000, 0x00000000aa700000| Untracked 
| 168|0x00000000aa800000, 0x00000000aa900000, 0x00000000aa900000|100%| O|  |TAMS 0x00000000aa900000, 0x00000000aa800000| Untracked 
| 169|0x00000000aa900000, 0x00000000aaa00000, 0x00000000aaa00000|100%| O|  |TAMS 0x00000000aaa00000, 0x00000000aa900000| Untracked 
| 170|0x00000000aaa00000, 0x00000000aab00000, 0x00000000aab00000|100%| O|  |TAMS 0x00000000aab00000, 0x00000000aaa00000| Untracked 
| 171|0x00000000aab00000, 0x00000000aac00000, 0x00000000aac00000|100%| O|  |TAMS 0x00000000aac00000, 0x00000000aab00000| Untracked 
| 172|0x00000000aac00000, 0x00000000aad00000, 0x00000000aad00000|100%| O|  |TAMS 0x00000000aad00000, 0x00000000aac00000| Untracked 
| 173|0x00000000aad00000, 0x00000000aae00000, 0x00000000aae00000|100%| O|  |TAMS 0x00000000aae00000, 0x00000000aad00000| Updating 
| 174|0x00000000aae00000, 0x00000000aaf00000, 0x00000000aaf00000|100%| O|  |TAMS 0x00000000aaf00000, 0x00000000aae00000| Untracked 
| 175|0x00000000aaf00000, 0x00000000ab000000, 0x00000000ab000000|100%| O|  |TAMS 0x00000000ab000000, 0x00000000aaf00000| Untracked 
| 176|0x00000000ab000000, 0x00000000ab100000, 0x00000000ab100000|100%| O|  |TAMS 0x00000000ab100000, 0x00000000ab000000| Untracked 
| 177|0x00000000ab100000, 0x00000000ab200000, 0x00000000ab200000|100%| O|  |TAMS 0x00000000ab200000, 0x00000000ab100000| Untracked 
| 178|0x00000000ab200000, 0x00000000ab300000, 0x00000000ab300000|100%| O|  |TAMS 0x00000000ab300000, 0x00000000ab200000| Untracked 
| 179|0x00000000ab300000, 0x00000000ab400000, 0x00000000ab400000|100%| O|  |TAMS 0x00000000ab400000, 0x00000000ab300000| Untracked 
| 180|0x00000000ab400000, 0x00000000ab500000, 0x00000000ab500000|100%| O|  |TAMS 0x00000000ab500000, 0x00000000ab400000| Untracked 
| 181|0x00000000ab500000, 0x00000000ab600000, 0x00000000ab600000|100%| O|  |TAMS 0x00000000ab600000, 0x00000000ab500000| Untracked 
| 182|0x00000000ab600000, 0x00000000ab700000, 0x00000000ab700000|100%| O|  |TAMS 0x00000000ab700000, 0x00000000ab600000| Untracked 
| 183|0x00000000ab700000, 0x00000000ab800000, 0x00000000ab800000|100%| O|  |TAMS 0x00000000ab800000, 0x00000000ab700000| Untracked 
| 184|0x00000000ab800000, 0x00000000ab900000, 0x00000000ab900000|100%| O|  |TAMS 0x00000000ab900000, 0x00000000ab800000| Updating 
| 185|0x00000000ab900000, 0x00000000aba00000, 0x00000000aba00000|100%| O|  |TAMS 0x00000000aba00000, 0x00000000ab900000| Untracked 
| 186|0x00000000aba00000, 0x00000000abb00000, 0x00000000abb00000|100%| O|  |TAMS 0x00000000abb00000, 0x00000000aba00000| Untracked 
| 187|0x00000000abb00000, 0x00000000abc00000, 0x00000000abc00000|100%| O|  |TAMS 0x00000000abc00000, 0x00000000abb00000| Untracked 
| 188|0x00000000abc00000, 0x00000000abd00000, 0x00000000abd00000|100%| O|  |TAMS 0x00000000abd00000, 0x00000000abc00000| Untracked 
| 189|0x00000000abd00000, 0x00000000abe00000, 0x00000000abe00000|100%| O|  |TAMS 0x00000000abe00000, 0x00000000abd00000| Untracked 
| 190|0x00000000abe00000, 0x00000000abf00000, 0x00000000abf00000|100%| O|  |TAMS 0x00000000abf00000, 0x00000000abe00000| Untracked 
| 191|0x00000000abf00000, 0x00000000ac000000, 0x00000000ac000000|100%| O|  |TAMS 0x00000000ac000000, 0x00000000abf00000| Untracked 
| 192|0x00000000ac000000, 0x00000000ac100000, 0x00000000ac100000|100%| O|  |TAMS 0x00000000ac100000, 0x00000000ac000000| Untracked 
| 193|0x00000000ac100000, 0x00000000ac200000, 0x00000000ac200000|100%| O|  |TAMS 0x00000000ac200000, 0x00000000ac100000| Untracked 
| 194|0x00000000ac200000, 0x00000000ac300000, 0x00000000ac300000|100%| O|  |TAMS 0x00000000ac300000, 0x00000000ac200000| Untracked 
| 195|0x00000000ac300000, 0x00000000ac400000, 0x00000000ac400000|100%| O|  |TAMS 0x00000000ac400000, 0x00000000ac300000| Untracked 
| 196|0x00000000ac400000, 0x00000000ac500000, 0x00000000ac500000|100%| O|  |TAMS 0x00000000ac500000, 0x00000000ac400000| Updating 
| 197|0x00000000ac500000, 0x00000000ac600000, 0x00000000ac600000|100%| O|  |TAMS 0x00000000ac600000, 0x00000000ac500000| Untracked 
| 198|0x00000000ac600000, 0x00000000ac700000, 0x00000000ac700000|100%| O|  |TAMS 0x00000000ac700000, 0x00000000ac600000| Untracked 
| 199|0x00000000ac700000, 0x00000000ac800000, 0x00000000ac800000|100%| O|  |TAMS 0x00000000ac800000, 0x00000000ac700000| Untracked 
| 200|0x00000000ac800000, 0x00000000ac900000, 0x00000000ac900000|100%| O|  |TAMS 0x00000000ac900000, 0x00000000ac800000| Untracked 
| 201|0x00000000ac900000, 0x00000000aca00000, 0x00000000aca00000|100%| O|  |TAMS 0x00000000aca00000, 0x00000000ac900000| Untracked 
| 202|0x00000000aca00000, 0x00000000acb00000, 0x00000000acb00000|100%| O|  |TAMS 0x00000000acb00000, 0x00000000aca00000| Untracked 
| 203|0x00000000acb00000, 0x00000000acc00000, 0x00000000acc00000|100%| O|  |TAMS 0x00000000acc00000, 0x00000000acb00000| Untracked 
| 204|0x00000000acc00000, 0x00000000acd00000, 0x00000000acd00000|100%| O|  |TAMS 0x00000000acd00000, 0x00000000acc00000| Untracked 
| 205|0x00000000acd00000, 0x00000000ace00000, 0x00000000ace00000|100%| O|  |TAMS 0x00000000ace00000, 0x00000000acd00000| Untracked 
| 206|0x00000000ace00000, 0x00000000acf00000, 0x00000000acf00000|100%| O|  |TAMS 0x00000000acf00000, 0x00000000ace00000| Untracked 
| 207|0x00000000acf00000, 0x00000000ad000000, 0x00000000ad000000|100%| O|  |TAMS 0x00000000ad000000, 0x00000000acf00000| Untracked 
| 208|0x00000000ad000000, 0x00000000ad100000, 0x00000000ad100000|100%| O|  |TAMS 0x00000000ad100000, 0x00000000ad000000| Updating 
| 209|0x00000000ad100000, 0x00000000ad200000, 0x00000000ad200000|100%| O|  |TAMS 0x00000000ad200000, 0x00000000ad100000| Updating 
| 210|0x00000000ad200000, 0x00000000ad300000, 0x00000000ad300000|100%| O|  |TAMS 0x00000000ad300000, 0x00000000ad200000| Untracked 
| 211|0x00000000ad300000, 0x00000000ad400000, 0x00000000ad400000|100%| O|  |TAMS 0x00000000ad400000, 0x00000000ad300000| Untracked 
| 212|0x00000000ad400000, 0x00000000ad500000, 0x00000000ad500000|100%| O|  |TAMS 0x00000000ad500000, 0x00000000ad400000| Untracked 
| 213|0x00000000ad500000, 0x00000000ad600000, 0x00000000ad600000|100%| O|  |TAMS 0x00000000ad600000, 0x00000000ad500000| Untracked 
| 214|0x00000000ad600000, 0x00000000ad700000, 0x00000000ad700000|100%| O|  |TAMS 0x00000000ad700000, 0x00000000ad600000| Untracked 
| 215|0x00000000ad700000, 0x00000000ad800000, 0x00000000ad800000|100%| O|  |TAMS 0x00000000ad800000, 0x00000000ad700000| Untracked 
| 216|0x00000000ad800000, 0x00000000ad900000, 0x00000000ad900000|100%| O|  |TAMS 0x00000000ad900000, 0x00000000ad800000| Updating 
| 217|0x00000000ad900000, 0x00000000ada00000, 0x00000000ada00000|100%| O|  |TAMS 0x00000000ada00000, 0x00000000ad900000| Untracked 
| 218|0x00000000ada00000, 0x00000000adb00000, 0x00000000adb00000|100%| O|  |TAMS 0x00000000adb00000, 0x00000000ada00000| Untracked 
| 219|0x00000000adb00000, 0x00000000adc00000, 0x00000000adc00000|100%| O|  |TAMS 0x00000000adc00000, 0x00000000adb00000| Untracked 
| 220|0x00000000adc00000, 0x00000000add00000, 0x00000000add00000|100%| O|  |TAMS 0x00000000add00000, 0x00000000adc00000| Untracked 
| 221|0x00000000add00000, 0x00000000ade00000, 0x00000000ade00000|100%| O|  |TAMS 0x00000000ade00000, 0x00000000add00000| Untracked 
| 222|0x00000000ade00000, 0x00000000adf00000, 0x00000000adf00000|100%| O|  |TAMS 0x00000000adf00000, 0x00000000ade00000| Untracked 
| 223|0x00000000adf00000, 0x00000000ae000000, 0x00000000ae000000|100%| O|  |TAMS 0x00000000ae000000, 0x00000000adf00000| Untracked 
| 224|0x00000000ae000000, 0x00000000ae100000, 0x00000000ae100000|100%| O|  |TAMS 0x00000000ae100000, 0x00000000ae000000| Untracked 
| 225|0x00000000ae100000, 0x00000000ae200000, 0x00000000ae200000|100%| O|  |TAMS 0x00000000ae200000, 0x00000000ae100000| Untracked 
| 226|0x00000000ae200000, 0x00000000ae300000, 0x00000000ae300000|100%| O|  |TAMS 0x00000000ae300000, 0x00000000ae200000| Untracked 
| 227|0x00000000ae300000, 0x00000000ae400000, 0x00000000ae400000|100%| O|  |TAMS 0x00000000ae400000, 0x00000000ae300000| Untracked 
| 228|0x00000000ae400000, 0x00000000ae500000, 0x00000000ae500000|100%| O|  |TAMS 0x00000000ae500000, 0x00000000ae400000| Untracked 
| 229|0x00000000ae500000, 0x00000000ae600000, 0x00000000ae600000|100%| O|  |TAMS 0x00000000ae600000, 0x00000000ae500000| Untracked 
| 230|0x00000000ae600000, 0x00000000ae700000, 0x00000000ae700000|100%| O|  |TAMS 0x00000000ae700000, 0x00000000ae600000| Untracked 
| 231|0x00000000ae700000, 0x00000000ae800000, 0x00000000ae800000|100%| O|  |TAMS 0x00000000ae800000, 0x00000000ae700000| Untracked 
| 232|0x00000000ae800000, 0x00000000ae900000, 0x00000000ae900000|100%| O|  |TAMS 0x00000000ae900000, 0x00000000ae800000| Untracked 
| 233|0x00000000ae900000, 0x00000000aea00000, 0x00000000aea00000|100%| O|  |TAMS 0x00000000aea00000, 0x00000000ae900000| Untracked 
| 234|0x00000000aea00000, 0x00000000aeb00000, 0x00000000aeb00000|100%| O|  |TAMS 0x00000000aeb00000, 0x00000000aea00000| Untracked 
| 235|0x00000000aeb00000, 0x00000000aec00000, 0x00000000aec00000|100%| O|  |TAMS 0x00000000aec00000, 0x00000000aeb00000| Untracked 
| 236|0x00000000aec00000, 0x00000000aed00000, 0x00000000aed00000|100%| O|  |TAMS 0x00000000aed00000, 0x00000000aec00000| Untracked 
| 237|0x00000000aed00000, 0x00000000aee00000, 0x00000000aee00000|100%| O|  |TAMS 0x00000000aee00000, 0x00000000aed00000| Untracked 
| 238|0x00000000aee00000, 0x00000000aef00000, 0x00000000aef00000|100%| O|  |TAMS 0x00000000aef00000, 0x00000000aee00000| Untracked 
| 239|0x00000000aef00000, 0x00000000af000000, 0x00000000af000000|100%| O|  |TAMS 0x00000000af000000, 0x00000000aef00000| Untracked 
| 240|0x00000000af000000, 0x00000000af100000, 0x00000000af100000|100%| O|  |TAMS 0x00000000af100000, 0x00000000af000000| Untracked 
| 241|0x00000000af100000, 0x00000000af200000, 0x00000000af200000|100%| O|  |TAMS 0x00000000af200000, 0x00000000af100000| Untracked 
| 242|0x00000000af200000, 0x00000000af300000, 0x00000000af300000|100%| O|  |TAMS 0x00000000af300000, 0x00000000af200000| Untracked 
| 243|0x00000000af300000, 0x00000000af400000, 0x00000000af400000|100%| O|  |TAMS 0x00000000af400000, 0x00000000af300000| Untracked 
| 244|0x00000000af400000, 0x00000000af500000, 0x00000000af500000|100%| O|  |TAMS 0x00000000af500000, 0x00000000af400000| Untracked 
| 245|0x00000000af500000, 0x00000000af600000, 0x00000000af600000|100%| O|  |TAMS 0x00000000af600000, 0x00000000af500000| Untracked 
| 246|0x00000000af600000, 0x00000000af700000, 0x00000000af700000|100%| O|  |TAMS 0x00000000af700000, 0x00000000af600000| Untracked 
| 247|0x00000000af700000, 0x00000000af800000, 0x00000000af800000|100%| O|  |TAMS 0x00000000af800000, 0x00000000af700000| Updating 
| 248|0x00000000af800000, 0x00000000af900000, 0x00000000af900000|100%| O|  |TAMS 0x00000000af900000, 0x00000000af800000| Untracked 
| 249|0x00000000af900000, 0x00000000afa00000, 0x00000000afa00000|100%| O|  |TAMS 0x00000000afa00000, 0x00000000af900000| Updating 
| 250|0x00000000afa00000, 0x00000000afb00000, 0x00000000afb00000|100%| O|  |TAMS 0x00000000afb00000, 0x00000000afa00000| Updating 
| 251|0x00000000afb00000, 0x00000000afc00000, 0x00000000afc00000|100%| O|  |TAMS 0x00000000afc00000, 0x00000000afb00000| Untracked 
| 252|0x00000000afc00000, 0x00000000afd00000, 0x00000000afd00000|100%| O|  |TAMS 0x00000000afd00000, 0x00000000afc00000| Untracked 
| 253|0x00000000afd00000, 0x00000000afe00000, 0x00000000afe00000|100%| O|  |TAMS 0x00000000afe00000, 0x00000000afd00000| Untracked 
| 254|0x00000000afe00000, 0x00000000aff00000, 0x00000000aff00000|100%| O|  |TAMS 0x00000000aff00000, 0x00000000afe00000| Updating 
| 255|0x00000000aff00000, 0x00000000b0000000, 0x00000000b0000000|100%| O|  |TAMS 0x00000000b0000000, 0x00000000aff00000| Updating 
| 256|0x00000000b0000000, 0x00000000b0100000, 0x00000000b0100000|100%| O|  |TAMS 0x00000000b0100000, 0x00000000b0000000| Updating 
| 257|0x00000000b0100000, 0x00000000b0200000, 0x00000000b0200000|100%| O|  |TAMS 0x00000000b0200000, 0x00000000b0100000| Untracked 
| 258|0x00000000b0200000, 0x00000000b0300000, 0x00000000b0300000|100%| O|  |TAMS 0x00000000b0300000, 0x00000000b0200000| Untracked 
| 259|0x00000000b0300000, 0x00000000b0400000, 0x00000000b0400000|100%| O|  |TAMS 0x00000000b0400000, 0x00000000b0300000| Untracked 
| 260|0x00000000b0400000, 0x00000000b0500000, 0x00000000b0500000|100%| O|  |TAMS 0x00000000b0500000, 0x00000000b0400000| Updating 
| 261|0x00000000b0500000, 0x00000000b0600000, 0x00000000b0600000|100%| O|  |TAMS 0x00000000b0600000, 0x00000000b0500000| Updating 
| 262|0x00000000b0600000, 0x00000000b0700000, 0x00000000b0700000|100%| O|  |TAMS 0x00000000b0700000, 0x00000000b0600000| Untracked 
| 263|0x00000000b0700000, 0x00000000b0800000, 0x00000000b0800000|100%| O|  |TAMS 0x00000000b0800000, 0x00000000b0700000| Untracked 
| 264|0x00000000b0800000, 0x00000000b0900000, 0x00000000b0900000|100%| O|  |TAMS 0x00000000b0900000, 0x00000000b0800000| Untracked 
| 265|0x00000000b0900000, 0x00000000b0a00000, 0x00000000b0a00000|100%| O|  |TAMS 0x00000000b0a00000, 0x00000000b0900000| Untracked 
| 266|0x00000000b0a00000, 0x00000000b0b00000, 0x00000000b0b00000|100%| O|  |TAMS 0x00000000b0b00000, 0x00000000b0a00000| Updating 
| 267|0x00000000b0b00000, 0x00000000b0c00000, 0x00000000b0c00000|100%| O|  |TAMS 0x00000000b0c00000, 0x00000000b0b00000| Untracked 
| 268|0x00000000b0c00000, 0x00000000b0d00000, 0x00000000b0d00000|100%| O|  |TAMS 0x00000000b0d00000, 0x00000000b0c00000| Untracked 
| 269|0x00000000b0d00000, 0x00000000b0e00000, 0x00000000b0e00000|100%| O|  |TAMS 0x00000000b0e00000, 0x00000000b0d00000| Untracked 
| 270|0x00000000b0e00000, 0x00000000b0f00000, 0x00000000b0f00000|100%| O|  |TAMS 0x00000000b0f00000, 0x00000000b0e00000| Untracked 
| 271|0x00000000b0f00000, 0x00000000b1000000, 0x00000000b1000000|100%| O|  |TAMS 0x00000000b1000000, 0x00000000b0f00000| Untracked 
| 272|0x00000000b1000000, 0x00000000b1100000, 0x00000000b1100000|100%| O|  |TAMS 0x00000000b1100000, 0x00000000b1000000| Untracked 
| 273|0x00000000b1100000, 0x00000000b1200000, 0x00000000b1200000|100%| O|  |TAMS 0x00000000b1200000, 0x00000000b1100000| Untracked 
| 274|0x00000000b1200000, 0x00000000b1300000, 0x00000000b1300000|100%| O|  |TAMS 0x00000000b1300000, 0x00000000b1200000| Untracked 
| 275|0x00000000b1300000, 0x00000000b1400000, 0x00000000b1400000|100%| O|  |TAMS 0x00000000b1400000, 0x00000000b1300000| Untracked 
| 276|0x00000000b1400000, 0x00000000b1500000, 0x00000000b1500000|100%| O|  |TAMS 0x00000000b1500000, 0x00000000b1400000| Untracked 
| 277|0x00000000b1500000, 0x00000000b1600000, 0x00000000b1600000|100%| O|  |TAMS 0x00000000b1600000, 0x00000000b1500000| Untracked 
| 278|0x00000000b1600000, 0x00000000b1700000, 0x00000000b1700000|100%| O|  |TAMS 0x00000000b1700000, 0x00000000b1600000| Untracked 
| 279|0x00000000b1700000, 0x00000000b1800000, 0x00000000b1800000|100%| O|  |TAMS 0x00000000b1800000, 0x00000000b1700000| Untracked 
| 280|0x00000000b1800000, 0x00000000b1900000, 0x00000000b1900000|100%| O|  |TAMS 0x00000000b1900000, 0x00000000b1800000| Untracked 
| 281|0x00000000b1900000, 0x00000000b1a00000, 0x00000000b1a00000|100%| O|  |TAMS 0x00000000b1a00000, 0x00000000b1900000| Updating 
| 282|0x00000000b1a00000, 0x00000000b1b00000, 0x00000000b1b00000|100%| O|  |TAMS 0x00000000b1b00000, 0x00000000b1a00000| Updating 
| 283|0x00000000b1b00000, 0x00000000b1c00000, 0x00000000b1c00000|100%| O|  |TAMS 0x00000000b1c00000, 0x00000000b1b00000| Untracked 
| 284|0x00000000b1c00000, 0x00000000b1d00000, 0x00000000b1d00000|100%| O|  |TAMS 0x00000000b1d00000, 0x00000000b1c00000| Untracked 
| 285|0x00000000b1d00000, 0x00000000b1e00000, 0x00000000b1e00000|100%| O|  |TAMS 0x00000000b1e00000, 0x00000000b1d00000| Untracked 
| 286|0x00000000b1e00000, 0x00000000b1f00000, 0x00000000b1f00000|100%| O|  |TAMS 0x00000000b1f00000, 0x00000000b1e00000| Untracked 
| 287|0x00000000b1f00000, 0x00000000b2000000, 0x00000000b2000000|100%| O|  |TAMS 0x00000000b2000000, 0x00000000b1f00000| Updating 
| 288|0x00000000b2000000, 0x00000000b2100000, 0x00000000b2100000|100%| O|  |TAMS 0x00000000b2100000, 0x00000000b2000000| Updating 
| 289|0x00000000b2100000, 0x00000000b2200000, 0x00000000b2200000|100%| O|  |TAMS 0x00000000b2200000, 0x00000000b2100000| Untracked 
| 290|0x00000000b2200000, 0x00000000b2300000, 0x00000000b2300000|100%| O|  |TAMS 0x00000000b2300000, 0x00000000b2200000| Untracked 
| 291|0x00000000b2300000, 0x00000000b2400000, 0x00000000b2400000|100%| O|  |TAMS 0x00000000b2400000, 0x00000000b2300000| Untracked 
| 292|0x00000000b2400000, 0x00000000b2500000, 0x00000000b2500000|100%| O|  |TAMS 0x00000000b2500000, 0x00000000b2400000| Untracked 
| 293|0x00000000b2500000, 0x00000000b2600000, 0x00000000b2600000|100%| O|  |TAMS 0x00000000b2600000, 0x00000000b2500000| Untracked 
| 294|0x00000000b2600000, 0x00000000b2700000, 0x00000000b2700000|100%| O|  |TAMS 0x00000000b2700000, 0x00000000b2600000| Untracked 
| 295|0x00000000b2700000, 0x00000000b2800000, 0x00000000b2800000|100%| O|  |TAMS 0x00000000b2800000, 0x00000000b2700000| Untracked 
| 296|0x00000000b2800000, 0x00000000b2900000, 0x00000000b2900000|100%| O|  |TAMS 0x00000000b2900000, 0x00000000b2800000| Untracked 
| 297|0x00000000b2900000, 0x00000000b2a00000, 0x00000000b2a00000|100%| O|  |TAMS 0x00000000b2a00000, 0x00000000b2900000| Untracked 
| 298|0x00000000b2a00000, 0x00000000b2b00000, 0x00000000b2b00000|100%| O|  |TAMS 0x00000000b2b00000, 0x00000000b2a00000| Untracked 
| 299|0x00000000b2b00000, 0x00000000b2c00000, 0x00000000b2c00000|100%| O|  |TAMS 0x00000000b2c00000, 0x00000000b2b00000| Untracked 
| 300|0x00000000b2c00000, 0x00000000b2d00000, 0x00000000b2d00000|100%| O|  |TAMS 0x00000000b2d00000, 0x00000000b2c00000| Untracked 
| 301|0x00000000b2d00000, 0x00000000b2e00000, 0x00000000b2e00000|100%| O|  |TAMS 0x00000000b2e00000, 0x00000000b2d00000| Untracked 
| 302|0x00000000b2e00000, 0x00000000b2f00000, 0x00000000b2f00000|100%| O|  |TAMS 0x00000000b2f00000, 0x00000000b2e00000| Untracked 
| 303|0x00000000b2f00000, 0x00000000b3000000, 0x00000000b3000000|100%| O|  |TAMS 0x00000000b3000000, 0x00000000b2f00000| Untracked 
| 304|0x00000000b3000000, 0x00000000b3100000, 0x00000000b3100000|100%| O|  |TAMS 0x00000000b3100000, 0x00000000b3000000| Untracked 
| 305|0x00000000b3100000, 0x00000000b3200000, 0x00000000b3200000|100%| O|  |TAMS 0x00000000b3200000, 0x00000000b3100000| Updating 
| 306|0x00000000b3200000, 0x00000000b3300000, 0x00000000b3300000|100%| O|  |TAMS 0x00000000b3300000, 0x00000000b3200000| Updating 
| 307|0x00000000b3300000, 0x00000000b3400000, 0x00000000b3400000|100%| O|  |TAMS 0x00000000b3400000, 0x00000000b3300000| Untracked 
| 308|0x00000000b3400000, 0x00000000b3500000, 0x00000000b3500000|100%| O|  |TAMS 0x00000000b3500000, 0x00000000b3400000| Untracked 
| 309|0x00000000b3500000, 0x00000000b3600000, 0x00000000b3600000|100%| O|  |TAMS 0x00000000b3600000, 0x00000000b3500000| Untracked 
| 310|0x00000000b3600000, 0x00000000b3700000, 0x00000000b3700000|100%| O|  |TAMS 0x00000000b3700000, 0x00000000b3600000| Untracked 
| 311|0x00000000b3700000, 0x00000000b3800000, 0x00000000b3800000|100%| O|  |TAMS 0x00000000b3800000, 0x00000000b3700000| Untracked 
| 312|0x00000000b3800000, 0x00000000b3900000, 0x00000000b3900000|100%| O|  |TAMS 0x00000000b3900000, 0x00000000b3800000| Updating 
| 313|0x00000000b3900000, 0x00000000b3a00000, 0x00000000b3a00000|100%| O|  |TAMS 0x00000000b3a00000, 0x00000000b3900000| Untracked 
| 314|0x00000000b3a00000, 0x00000000b3b00000, 0x00000000b3b00000|100%| O|  |TAMS 0x00000000b3b00000, 0x00000000b3a00000| Untracked 
| 315|0x00000000b3b00000, 0x00000000b3c00000, 0x00000000b3c00000|100%| O|  |TAMS 0x00000000b3c00000, 0x00000000b3b00000| Untracked 
| 316|0x00000000b3c00000, 0x00000000b3d00000, 0x00000000b3d00000|100%| O|  |TAMS 0x00000000b3d00000, 0x00000000b3c00000| Untracked 
| 317|0x00000000b3d00000, 0x00000000b3e00000, 0x00000000b3e00000|100%| O|  |TAMS 0x00000000b3e00000, 0x00000000b3d00000| Untracked 
| 318|0x00000000b3e00000, 0x00000000b3f00000, 0x00000000b3f00000|100%| O|  |TAMS 0x00000000b3f00000, 0x00000000b3e00000| Untracked 
| 319|0x00000000b3f00000, 0x00000000b4000000, 0x00000000b4000000|100%| O|  |TAMS 0x00000000b4000000, 0x00000000b3f00000| Untracked 
| 320|0x00000000b4000000, 0x00000000b4100000, 0x00000000b4100000|100%| O|  |TAMS 0x00000000b4100000, 0x00000000b4000000| Untracked 
| 321|0x00000000b4100000, 0x00000000b4200000, 0x00000000b4200000|100%| O|  |TAMS 0x00000000b4200000, 0x00000000b4100000| Untracked 
| 322|0x00000000b4200000, 0x00000000b4300000, 0x00000000b4300000|100%| O|  |TAMS 0x00000000b4300000, 0x00000000b4200000| Untracked 
| 323|0x00000000b4300000, 0x00000000b4400000, 0x00000000b4400000|100%| O|  |TAMS 0x00000000b4400000, 0x00000000b4300000| Untracked 
| 324|0x00000000b4400000, 0x00000000b4500000, 0x00000000b4500000|100%| O|  |TAMS 0x00000000b4500000, 0x00000000b4400000| Untracked 
| 325|0x00000000b4500000, 0x00000000b4600000, 0x00000000b4600000|100%| O|  |TAMS 0x00000000b4600000, 0x00000000b4500000| Untracked 
| 326|0x00000000b4600000, 0x00000000b4700000, 0x00000000b4700000|100%| O|  |TAMS 0x00000000b4700000, 0x00000000b4600000| Updating 
| 327|0x00000000b4700000, 0x00000000b4800000, 0x00000000b4800000|100%| O|  |TAMS 0x00000000b4800000, 0x00000000b4700000| Updating 
| 328|0x00000000b4800000, 0x00000000b4900000, 0x00000000b4900000|100%| O|  |TAMS 0x00000000b4900000, 0x00000000b4800000| Untracked 
| 329|0x00000000b4900000, 0x00000000b4a00000, 0x00000000b4a00000|100%| O|  |TAMS 0x00000000b4a00000, 0x00000000b4900000| Untracked 
| 330|0x00000000b4a00000, 0x00000000b4b00000, 0x00000000b4b00000|100%| O|  |TAMS 0x00000000b4b00000, 0x00000000b4a00000| Untracked 
| 331|0x00000000b4b00000, 0x00000000b4c00000, 0x00000000b4c00000|100%| O|  |TAMS 0x00000000b4c00000, 0x00000000b4b00000| Untracked 
| 332|0x00000000b4c00000, 0x00000000b4d00000, 0x00000000b4d00000|100%| O|  |TAMS 0x00000000b4d00000, 0x00000000b4c00000| Untracked 
| 333|0x00000000b4d00000, 0x00000000b4e00000, 0x00000000b4e00000|100%| O|  |TAMS 0x00000000b4e00000, 0x00000000b4d00000| Updating 
| 334|0x00000000b4e00000, 0x00000000b4f00000, 0x00000000b4f00000|100%| O|  |TAMS 0x00000000b4f00000, 0x00000000b4e00000| Untracked 
| 335|0x00000000b4f00000, 0x00000000b5000000, 0x00000000b5000000|100%| O|  |TAMS 0x00000000b5000000, 0x00000000b4f00000| Untracked 
| 336|0x00000000b5000000, 0x00000000b5100000, 0x00000000b5100000|100%| O|  |TAMS 0x00000000b5100000, 0x00000000b5000000| Untracked 
| 337|0x00000000b5100000, 0x00000000b5200000, 0x00000000b5200000|100%| O|  |TAMS 0x00000000b5200000, 0x00000000b5100000| Untracked 
| 338|0x00000000b5200000, 0x00000000b5300000, 0x00000000b5300000|100%| O|  |TAMS 0x00000000b5300000, 0x00000000b5200000| Untracked 
| 339|0x00000000b5300000, 0x00000000b5400000, 0x00000000b5400000|100%| O|  |TAMS 0x00000000b5400000, 0x00000000b5300000| Untracked 
| 340|0x00000000b5400000, 0x00000000b5500000, 0x00000000b5500000|100%| O|  |TAMS 0x00000000b5500000, 0x00000000b5400000| Untracked 
| 341|0x00000000b5500000, 0x00000000b5600000, 0x00000000b5600000|100%| O|  |TAMS 0x00000000b5600000, 0x00000000b5500000| Untracked 
| 342|0x00000000b5600000, 0x00000000b5700000, 0x00000000b5700000|100%| O|  |TAMS 0x00000000b5700000, 0x00000000b5600000| Untracked 
| 343|0x00000000b5700000, 0x00000000b5800000, 0x00000000b5800000|100%| O|  |TAMS 0x00000000b5800000, 0x00000000b5700000| Untracked 
| 344|0x00000000b5800000, 0x00000000b5900000, 0x00000000b5900000|100%| O|  |TAMS 0x00000000b5900000, 0x00000000b5800000| Untracked 
| 345|0x00000000b5900000, 0x00000000b5a00000, 0x00000000b5a00000|100%| O|  |TAMS 0x00000000b5a00000, 0x00000000b5900000| Untracked 
| 346|0x00000000b5a00000, 0x00000000b5b00000, 0x00000000b5b00000|100%| O|  |TAMS 0x00000000b5b00000, 0x00000000b5a00000| Untracked 
| 347|0x00000000b5b00000, 0x00000000b5c00000, 0x00000000b5c00000|100%| O|  |TAMS 0x00000000b5c00000, 0x00000000b5b00000| Untracked 
| 348|0x00000000b5c00000, 0x00000000b5d00000, 0x00000000b5d00000|100%| O|  |TAMS 0x00000000b5d00000, 0x00000000b5c00000| Untracked 
| 349|0x00000000b5d00000, 0x00000000b5e00000, 0x00000000b5e00000|100%| O|  |TAMS 0x00000000b5e00000, 0x00000000b5d00000| Untracked 
| 350|0x00000000b5e00000, 0x00000000b5f00000, 0x00000000b5f00000|100%| O|  |TAMS 0x00000000b5f00000, 0x00000000b5e00000| Untracked 
| 351|0x00000000b5f00000, 0x00000000b6000000, 0x00000000b6000000|100%| O|  |TAMS 0x00000000b6000000, 0x00000000b5f00000| Updating 
| 352|0x00000000b6000000, 0x00000000b6100000, 0x00000000b6100000|100%| O|  |TAMS 0x00000000b6100000, 0x00000000b6000000| Updating 
| 353|0x00000000b6100000, 0x00000000b6200000, 0x00000000b6200000|100%| O|  |TAMS 0x00000000b6200000, 0x00000000b6100000| Untracked 
| 354|0x00000000b6200000, 0x00000000b6300000, 0x00000000b6300000|100%| O|  |TAMS 0x00000000b6300000, 0x00000000b6200000| Untracked 
| 355|0x00000000b6300000, 0x00000000b6400000, 0x00000000b6400000|100%| O|  |TAMS 0x00000000b6400000, 0x00000000b6300000| Untracked 
| 356|0x00000000b6400000, 0x00000000b6500000, 0x00000000b6500000|100%| O|  |TAMS 0x00000000b6500000, 0x00000000b6400000| Untracked 
| 357|0x00000000b6500000, 0x00000000b6600000, 0x00000000b6600000|100%| O|  |TAMS 0x00000000b6600000, 0x00000000b6500000| Untracked 
| 358|0x00000000b6600000, 0x00000000b6700000, 0x00000000b6700000|100%| O|  |TAMS 0x00000000b6700000, 0x00000000b6600000| Untracked 
| 359|0x00000000b6700000, 0x00000000b6800000, 0x00000000b6800000|100%| O|  |TAMS 0x00000000b6800000, 0x00000000b6700000| Updating 
| 360|0x00000000b6800000, 0x00000000b6900000, 0x00000000b6900000|100%| O|  |TAMS 0x00000000b6900000, 0x00000000b6800000| Untracked 
| 361|0x00000000b6900000, 0x00000000b6a00000, 0x00000000b6a00000|100%| O|  |TAMS 0x00000000b6a00000, 0x00000000b6900000| Untracked 
| 362|0x00000000b6a00000, 0x00000000b6b00000, 0x00000000b6b00000|100%| O|  |TAMS 0x00000000b6b00000, 0x00000000b6a00000| Untracked 
| 363|0x00000000b6b00000, 0x00000000b6c00000, 0x00000000b6c00000|100%| O|  |TAMS 0x00000000b6c00000, 0x00000000b6b00000| Updating 
| 364|0x00000000b6c00000, 0x00000000b6d00000, 0x00000000b6d00000|100%| O|  |TAMS 0x00000000b6d00000, 0x00000000b6c00000| Updating 
| 365|0x00000000b6d00000, 0x00000000b6e00000, 0x00000000b6e00000|100%| O|  |TAMS 0x00000000b6e00000, 0x00000000b6d00000| Untracked 
| 366|0x00000000b6e00000, 0x00000000b6f00000, 0x00000000b6f00000|100%| O|  |TAMS 0x00000000b6f00000, 0x00000000b6e00000| Untracked 
| 367|0x00000000b6f00000, 0x00000000b7000000, 0x00000000b7000000|100%| O|  |TAMS 0x00000000b7000000, 0x00000000b6f00000| Untracked 
| 368|0x00000000b7000000, 0x00000000b7100000, 0x00000000b7100000|100%| O|  |TAMS 0x00000000b7100000, 0x00000000b7000000| Untracked 
| 369|0x00000000b7100000, 0x00000000b7200000, 0x00000000b7200000|100%| O|  |TAMS 0x00000000b7200000, 0x00000000b7100000| Untracked 
| 370|0x00000000b7200000, 0x00000000b7300000, 0x00000000b7300000|100%| O|  |TAMS 0x00000000b7300000, 0x00000000b7200000| Updating 
| 371|0x00000000b7300000, 0x00000000b7400000, 0x00000000b7400000|100%| O|  |TAMS 0x00000000b7400000, 0x00000000b7300000| Untracked 
| 372|0x00000000b7400000, 0x00000000b7500000, 0x00000000b7500000|100%| O|  |TAMS 0x00000000b7500000, 0x00000000b7400000| Untracked 
| 373|0x00000000b7500000, 0x00000000b7600000, 0x00000000b7600000|100%| O|  |TAMS 0x00000000b7600000, 0x00000000b7500000| Untracked 
| 374|0x00000000b7600000, 0x00000000b7700000, 0x00000000b7700000|100%| O|  |TAMS 0x00000000b7700000, 0x00000000b7600000| Untracked 
| 375|0x00000000b7700000, 0x00000000b7800000, 0x00000000b7800000|100%| O|  |TAMS 0x00000000b7800000, 0x00000000b7700000| Updating 
| 376|0x00000000b7800000, 0x00000000b7900000, 0x00000000b7900000|100%| O|  |TAMS 0x00000000b7900000, 0x00000000b7800000| Updating 
| 377|0x00000000b7900000, 0x00000000b7a00000, 0x00000000b7a00000|100%| O|  |TAMS 0x00000000b7a00000, 0x00000000b7900000| Untracked 
| 378|0x00000000b7a00000, 0x00000000b7b00000, 0x00000000b7b00000|100%| O|  |TAMS 0x00000000b7b00000, 0x00000000b7a00000| Untracked 
| 379|0x00000000b7b00000, 0x00000000b7c00000, 0x00000000b7c00000|100%| O|  |TAMS 0x00000000b7c00000, 0x00000000b7b00000| Untracked 
| 380|0x00000000b7c00000, 0x00000000b7d00000, 0x00000000b7d00000|100%| O|  |TAMS 0x00000000b7d00000, 0x00000000b7c00000| Untracked 
| 381|0x00000000b7d00000, 0x00000000b7e00000, 0x00000000b7e00000|100%| O|  |TAMS 0x00000000b7e00000, 0x00000000b7d00000| Untracked 
| 382|0x00000000b7e00000, 0x00000000b7f00000, 0x00000000b7f00000|100%| O|  |TAMS 0x00000000b7f00000, 0x00000000b7e00000| Updating 
| 383|0x00000000b7f00000, 0x00000000b7f12c00, 0x00000000b8000000|  7%| O|  |TAMS 0x00000000b7f12c00, 0x00000000b7f00000| Updating 
| 384|0x00000000b8000000, 0x00000000b8000000, 0x00000000b8100000|  0%| F|  |TAMS 0x00000000b8000000, 0x00000000b8000000| Untracked 
| 385|0x00000000b8100000, 0x00000000b8100000, 0x00000000b8200000|  0%| F|  |TAMS 0x00000000b8100000, 0x00000000b8100000| Untracked 
| 386|0x00000000b8200000, 0x00000000b8200000, 0x00000000b8300000|  0%| F|  |TAMS 0x00000000b8200000, 0x00000000b8200000| Untracked 
| 387|0x00000000b8300000, 0x00000000b8300000, 0x00000000b8400000|  0%| F|  |TAMS 0x00000000b8300000, 0x00000000b8300000| Untracked 
| 388|0x00000000b8400000, 0x00000000b8400000, 0x00000000b8500000|  0%| F|  |TAMS 0x00000000b8400000, 0x00000000b8400000| Untracked 
| 389|0x00000000b8500000, 0x00000000b8500000, 0x00000000b8600000|  0%| F|  |TAMS 0x00000000b8500000, 0x00000000b8500000| Untracked 
| 390|0x00000000b8600000, 0x00000000b8600000, 0x00000000b8700000|  0%| F|  |TAMS 0x00000000b8600000, 0x00000000b8600000| Untracked 
| 391|0x00000000b8700000, 0x00000000b8700000, 0x00000000b8800000|  0%| F|  |TAMS 0x00000000b8700000, 0x00000000b8700000| Untracked 
| 392|0x00000000b8800000, 0x00000000b8800000, 0x00000000b8900000|  0%| F|  |TAMS 0x00000000b8800000, 0x00000000b8800000| Untracked 
| 393|0x00000000b8900000, 0x00000000b8900000, 0x00000000b8a00000|  0%| F|  |TAMS 0x00000000b8900000, 0x00000000b8900000| Untracked 
| 394|0x00000000b8a00000, 0x00000000b8a00000, 0x00000000b8b00000|  0%| F|  |TAMS 0x00000000b8a00000, 0x00000000b8a00000| Untracked 
| 395|0x00000000b8b00000, 0x00000000b8b00000, 0x00000000b8c00000|  0%| F|  |TAMS 0x00000000b8b00000, 0x00000000b8b00000| Untracked 
| 396|0x00000000b8c00000, 0x00000000b8c00000, 0x00000000b8d00000|  0%| F|  |TAMS 0x00000000b8c00000, 0x00000000b8c00000| Untracked 
| 397|0x00000000b8d00000, 0x00000000b8d00000, 0x00000000b8e00000|  0%| F|  |TAMS 0x00000000b8d00000, 0x00000000b8d00000| Untracked 
| 398|0x00000000b8e00000, 0x00000000b8e00000, 0x00000000b8f00000|  0%| F|  |TAMS 0x00000000b8e00000, 0x00000000b8e00000| Untracked 
| 399|0x00000000b8f00000, 0x00000000b8f00000, 0x00000000b9000000|  0%| F|  |TAMS 0x00000000b8f00000, 0x00000000b8f00000| Untracked 
| 400|0x00000000b9000000, 0x00000000b9000000, 0x00000000b9100000|  0%| F|  |TAMS 0x00000000b9000000, 0x00000000b9000000| Untracked 
| 401|0x00000000b9100000, 0x00000000b9100000, 0x00000000b9200000|  0%| F|  |TAMS 0x00000000b9100000, 0x00000000b9100000| Untracked 
| 402|0x00000000b9200000, 0x00000000b9200000, 0x00000000b9300000|  0%| F|  |TAMS 0x00000000b9200000, 0x00000000b9200000| Untracked 
| 403|0x00000000b9300000, 0x00000000b9300000, 0x00000000b9400000|  0%| F|  |TAMS 0x00000000b9300000, 0x00000000b9300000| Untracked 
| 404|0x00000000b9400000, 0x00000000b9400000, 0x00000000b9500000|  0%| F|  |TAMS 0x00000000b9400000, 0x00000000b9400000| Untracked 
| 405|0x00000000b9500000, 0x00000000b9500000, 0x00000000b9600000|  0%| F|  |TAMS 0x00000000b9500000, 0x00000000b9500000| Untracked 
| 406|0x00000000b9600000, 0x00000000b9600000, 0x00000000b9700000|  0%| F|  |TAMS 0x00000000b9600000, 0x00000000b9600000| Untracked 
| 407|0x00000000b9700000, 0x00000000b9700000, 0x00000000b9800000|  0%| F|  |TAMS 0x00000000b9700000, 0x00000000b9700000| Untracked 
| 408|0x00000000b9800000, 0x00000000b9800000, 0x00000000b9900000|  0%| F|  |TAMS 0x00000000b9800000, 0x00000000b9800000| Untracked 
| 409|0x00000000b9900000, 0x00000000b9900000, 0x00000000b9a00000|  0%| F|  |TAMS 0x00000000b9900000, 0x00000000b9900000| Untracked 
| 410|0x00000000b9a00000, 0x00000000b9a00000, 0x00000000b9b00000|  0%| F|  |TAMS 0x00000000b9a00000, 0x00000000b9a00000| Untracked 
| 411|0x00000000b9b00000, 0x00000000b9b00000, 0x00000000b9c00000|  0%| F|  |TAMS 0x00000000b9b00000, 0x00000000b9b00000| Untracked 
| 412|0x00000000b9c00000, 0x00000000b9c00000, 0x00000000b9d00000|  0%| F|  |TAMS 0x00000000b9c00000, 0x00000000b9c00000| Untracked 
| 413|0x00000000b9d00000, 0x00000000b9d00000, 0x00000000b9e00000|  0%| F|  |TAMS 0x00000000b9d00000, 0x00000000b9d00000| Untracked 
| 414|0x00000000b9e00000, 0x00000000b9e00000, 0x00000000b9f00000|  0%| F|  |TAMS 0x00000000b9e00000, 0x00000000b9e00000| Untracked 
| 415|0x00000000b9f00000, 0x00000000b9f00000, 0x00000000ba000000|  0%| F|  |TAMS 0x00000000b9f00000, 0x00000000b9f00000| Untracked 
| 416|0x00000000ba000000, 0x00000000ba000000, 0x00000000ba100000|  0%| F|  |TAMS 0x00000000ba000000, 0x00000000ba000000| Untracked 
| 417|0x00000000ba100000, 0x00000000ba100000, 0x00000000ba200000|  0%| F|  |TAMS 0x00000000ba100000, 0x00000000ba100000| Untracked 
| 418|0x00000000ba200000, 0x00000000ba200000, 0x00000000ba300000|  0%| F|  |TAMS 0x00000000ba200000, 0x00000000ba200000| Untracked 
| 419|0x00000000ba300000, 0x00000000ba300000, 0x00000000ba400000|  0%| F|  |TAMS 0x00000000ba300000, 0x00000000ba300000| Untracked 
| 420|0x00000000ba400000, 0x00000000ba400000, 0x00000000ba500000|  0%| F|  |TAMS 0x00000000ba400000, 0x00000000ba400000| Untracked 
| 421|0x00000000ba500000, 0x00000000ba500000, 0x00000000ba600000|  0%| F|  |TAMS 0x00000000ba500000, 0x00000000ba500000| Untracked 
| 422|0x00000000ba600000, 0x00000000ba600000, 0x00000000ba700000|  0%| F|  |TAMS 0x00000000ba600000, 0x00000000ba600000| Untracked 
| 423|0x00000000ba700000, 0x00000000ba700000, 0x00000000ba800000|  0%| F|  |TAMS 0x00000000ba700000, 0x00000000ba700000| Untracked 
| 424|0x00000000ba800000, 0x00000000ba800000, 0x00000000ba900000|  0%| F|  |TAMS 0x00000000ba800000, 0x00000000ba800000| Untracked 
| 425|0x00000000ba900000, 0x00000000ba900000, 0x00000000baa00000|  0%| F|  |TAMS 0x00000000ba900000, 0x00000000ba900000| Untracked 
| 426|0x00000000baa00000, 0x00000000baa00000, 0x00000000bab00000|  0%| F|  |TAMS 0x00000000baa00000, 0x00000000baa00000| Untracked 
| 427|0x00000000bab00000, 0x00000000bab00000, 0x00000000bac00000|  0%| F|  |TAMS 0x00000000bab00000, 0x00000000bab00000| Untracked 
| 428|0x00000000bac00000, 0x00000000bac00000, 0x00000000bad00000|  0%| F|  |TAMS 0x00000000bac00000, 0x00000000bac00000| Untracked 
| 429|0x00000000bad00000, 0x00000000bad00000, 0x00000000bae00000|  0%| F|  |TAMS 0x00000000bad00000, 0x00000000bad00000| Untracked 
| 430|0x00000000bae00000, 0x00000000bae00000, 0x00000000baf00000|  0%| F|  |TAMS 0x00000000bae00000, 0x00000000bae00000| Untracked 
| 431|0x00000000baf00000, 0x00000000baf00000, 0x00000000bb000000|  0%| F|  |TAMS 0x00000000baf00000, 0x00000000baf00000| Untracked 
| 432|0x00000000bb000000, 0x00000000bb000000, 0x00000000bb100000|  0%| F|  |TAMS 0x00000000bb000000, 0x00000000bb000000| Untracked 
| 433|0x00000000bb100000, 0x00000000bb100000, 0x00000000bb200000|  0%| F|  |TAMS 0x00000000bb100000, 0x00000000bb100000| Untracked 
| 434|0x00000000bb200000, 0x00000000bb200000, 0x00000000bb300000|  0%| F|  |TAMS 0x00000000bb200000, 0x00000000bb200000| Untracked 
| 435|0x00000000bb300000, 0x00000000bb300000, 0x00000000bb400000|  0%| F|  |TAMS 0x00000000bb300000, 0x00000000bb300000| Untracked 
| 436|0x00000000bb400000, 0x00000000bb400000, 0x00000000bb500000|  0%| F|  |TAMS 0x00000000bb400000, 0x00000000bb400000| Untracked 
| 437|0x00000000bb500000, 0x00000000bb500000, 0x00000000bb600000|  0%| F|  |TAMS 0x00000000bb500000, 0x00000000bb500000| Untracked 
| 438|0x00000000bb600000, 0x00000000bb600000, 0x00000000bb700000|  0%| F|  |TAMS 0x00000000bb600000, 0x00000000bb600000| Untracked 
| 439|0x00000000bb700000, 0x00000000bb700000, 0x00000000bb800000|  0%| F|  |TAMS 0x00000000bb700000, 0x00000000bb700000| Untracked 
| 440|0x00000000bb800000, 0x00000000bb800000, 0x00000000bb900000|  0%| F|  |TAMS 0x00000000bb800000, 0x00000000bb800000| Untracked 
| 441|0x00000000bb900000, 0x00000000bb900000, 0x00000000bba00000|  0%| F|  |TAMS 0x00000000bb900000, 0x00000000bb900000| Untracked 
| 442|0x00000000bba00000, 0x00000000bba00000, 0x00000000bbb00000|  0%| F|  |TAMS 0x00000000bba00000, 0x00000000bba00000| Untracked 
| 443|0x00000000bbb00000, 0x00000000bbb00000, 0x00000000bbc00000|  0%| F|  |TAMS 0x00000000bbb00000, 0x00000000bbb00000| Untracked 
| 444|0x00000000bbc00000, 0x00000000bbc00000, 0x00000000bbd00000|  0%| F|  |TAMS 0x00000000bbc00000, 0x00000000bbc00000| Untracked 
| 445|0x00000000bbd00000, 0x00000000bbd00000, 0x00000000bbe00000|  0%| F|  |TAMS 0x00000000bbd00000, 0x00000000bbd00000| Untracked 
| 446|0x00000000bbe00000, 0x00000000bbecc538, 0x00000000bbf00000| 79%| S|CS|TAMS 0x00000000bbe00000, 0x00000000bbe00000| Complete 
| 447|0x00000000bbf00000, 0x00000000bbf00000, 0x00000000bc000000|  0%| F|  |TAMS 0x00000000bbf00000, 0x00000000bbf00000| Untracked 
| 448|0x00000000bc000000, 0x00000000bc000000, 0x00000000bc100000|  0%| F|  |TAMS 0x00000000bc000000, 0x00000000bc000000| Untracked 
| 449|0x00000000bc100000, 0x00000000bc100000, 0x00000000bc200000|  0%| F|  |TAMS 0x00000000bc100000, 0x00000000bc100000| Untracked 
| 450|0x00000000bc200000, 0x00000000bc200000, 0x00000000bc300000|  0%| F|  |TAMS 0x00000000bc200000, 0x00000000bc200000| Untracked 
| 451|0x00000000bc300000, 0x00000000bc300000, 0x00000000bc400000|  0%| F|  |TAMS 0x00000000bc300000, 0x00000000bc300000| Untracked 
| 452|0x00000000bc400000, 0x00000000bc400000, 0x00000000bc500000|  0%| F|  |TAMS 0x00000000bc400000, 0x00000000bc400000| Untracked 
| 453|0x00000000bc500000, 0x00000000bc600000, 0x00000000bc600000|100%| S|CS|TAMS 0x00000000bc500000, 0x00000000bc500000| Complete 
| 454|0x00000000bc600000, 0x00000000bc700000, 0x00000000bc700000|100%| S|CS|TAMS 0x00000000bc600000, 0x00000000bc600000| Complete 
| 455|0x00000000bc700000, 0x00000000bc800000, 0x00000000bc800000|100%| S|CS|TAMS 0x00000000bc700000, 0x00000000bc700000| Complete 
| 456|0x00000000bc800000, 0x00000000bc900000, 0x00000000bc900000|100%| S|CS|TAMS 0x00000000bc800000, 0x00000000bc800000| Complete 
| 457|0x00000000bc900000, 0x00000000bca00000, 0x00000000bca00000|100%| S|CS|TAMS 0x00000000bc900000, 0x00000000bc900000| Complete 
| 458|0x00000000bca00000, 0x00000000bcb00000, 0x00000000bcb00000|100%| S|CS|TAMS 0x00000000bca00000, 0x00000000bca00000| Complete 
| 459|0x00000000bcb00000, 0x00000000bcc00000, 0x00000000bcc00000|100%| S|CS|TAMS 0x00000000bcb00000, 0x00000000bcb00000| Complete 
| 460|0x00000000bcc00000, 0x00000000bcd00000, 0x00000000bcd00000|100%| S|CS|TAMS 0x00000000bcc00000, 0x00000000bcc00000| Complete 
| 461|0x00000000bcd00000, 0x00000000bce00000, 0x00000000bce00000|100%| S|CS|TAMS 0x00000000bcd00000, 0x00000000bcd00000| Complete 
| 462|0x00000000bce00000, 0x00000000bce00000, 0x00000000bcf00000|  0%| F|  |TAMS 0x00000000bce00000, 0x00000000bce00000| Untracked 
| 463|0x00000000bcf00000, 0x00000000bcf00000, 0x00000000bd000000|  0%| F|  |TAMS 0x00000000bcf00000, 0x00000000bcf00000| Untracked 
| 464|0x00000000bd000000, 0x00000000bd000000, 0x00000000bd100000|  0%| F|  |TAMS 0x00000000bd000000, 0x00000000bd000000| Untracked 
| 465|0x00000000bd100000, 0x00000000bd100000, 0x00000000bd200000|  0%| F|  |TAMS 0x00000000bd100000, 0x00000000bd100000| Untracked 
| 466|0x00000000bd200000, 0x00000000bd200000, 0x00000000bd300000|  0%| F|  |TAMS 0x00000000bd200000, 0x00000000bd200000| Untracked 
| 467|0x00000000bd300000, 0x00000000bd300000, 0x00000000bd400000|  0%| F|  |TAMS 0x00000000bd300000, 0x00000000bd300000| Untracked 
| 468|0x00000000bd400000, 0x00000000bd400000, 0x00000000bd500000|  0%| F|  |TAMS 0x00000000bd400000, 0x00000000bd400000| Untracked 
| 469|0x00000000bd500000, 0x00000000bd500000, 0x00000000bd600000|  0%| F|  |TAMS 0x00000000bd500000, 0x00000000bd500000| Untracked 
| 470|0x00000000bd600000, 0x00000000bd600000, 0x00000000bd700000|  0%| F|  |TAMS 0x00000000bd600000, 0x00000000bd600000| Untracked 
| 471|0x00000000bd700000, 0x00000000bd700000, 0x00000000bd800000|  0%| F|  |TAMS 0x00000000bd700000, 0x00000000bd700000| Untracked 
| 472|0x00000000bd800000, 0x00000000bd800000, 0x00000000bd900000|  0%| F|  |TAMS 0x00000000bd800000, 0x00000000bd800000| Untracked 
| 473|0x00000000bd900000, 0x00000000bd900000, 0x00000000bda00000|  0%| F|  |TAMS 0x00000000bd900000, 0x00000000bd900000| Untracked 
| 474|0x00000000bda00000, 0x00000000bda00000, 0x00000000bdb00000|  0%| F|  |TAMS 0x00000000bda00000, 0x00000000bda00000| Untracked 
| 475|0x00000000bdb00000, 0x00000000bdb00000, 0x00000000bdc00000|  0%| F|  |TAMS 0x00000000bdb00000, 0x00000000bdb00000| Untracked 
| 476|0x00000000bdc00000, 0x00000000bdc00000, 0x00000000bdd00000|  0%| F|  |TAMS 0x00000000bdc00000, 0x00000000bdc00000| Untracked 
| 477|0x00000000bdd00000, 0x00000000bdd00000, 0x00000000bde00000|  0%| F|  |TAMS 0x00000000bdd00000, 0x00000000bdd00000| Untracked 
| 478|0x00000000bde00000, 0x00000000bde00000, 0x00000000bdf00000|  0%| F|  |TAMS 0x00000000bde00000, 0x00000000bde00000| Untracked 
| 479|0x00000000bdf00000, 0x00000000bdf00000, 0x00000000be000000|  0%| F|  |TAMS 0x00000000bdf00000, 0x00000000bdf00000| Untracked 
| 480|0x00000000be000000, 0x00000000be000000, 0x00000000be100000|  0%| F|  |TAMS 0x00000000be000000, 0x00000000be000000| Untracked 
| 481|0x00000000be100000, 0x00000000be100000, 0x00000000be200000|  0%| F|  |TAMS 0x00000000be100000, 0x00000000be100000| Untracked 
| 482|0x00000000be200000, 0x00000000be200000, 0x00000000be300000|  0%| F|  |TAMS 0x00000000be200000, 0x00000000be200000| Untracked 
| 483|0x00000000be300000, 0x00000000be300000, 0x00000000be400000|  0%| F|  |TAMS 0x00000000be300000, 0x00000000be300000| Untracked 
| 484|0x00000000be400000, 0x00000000be400000, 0x00000000be500000|  0%| F|  |TAMS 0x00000000be400000, 0x00000000be400000| Untracked 
| 485|0x00000000be500000, 0x00000000be500000, 0x00000000be600000|  0%| F|  |TAMS 0x00000000be500000, 0x00000000be500000| Untracked 
| 486|0x00000000be600000, 0x00000000be600000, 0x00000000be700000|  0%| F|  |TAMS 0x00000000be600000, 0x00000000be600000| Untracked 
| 487|0x00000000be700000, 0x00000000be700000, 0x00000000be800000|  0%| F|  |TAMS 0x00000000be700000, 0x00000000be700000| Untracked 
| 488|0x00000000be800000, 0x00000000be800000, 0x00000000be900000|  0%| F|  |TAMS 0x00000000be800000, 0x00000000be800000| Untracked 
| 489|0x00000000be900000, 0x00000000be900000, 0x00000000bea00000|  0%| F|  |TAMS 0x00000000be900000, 0x00000000be900000| Untracked 
| 490|0x00000000bea00000, 0x00000000bea00000, 0x00000000beb00000|  0%| F|  |TAMS 0x00000000bea00000, 0x00000000bea00000| Untracked 
| 491|0x00000000beb00000, 0x00000000beb00000, 0x00000000bec00000|  0%| F|  |TAMS 0x00000000beb00000, 0x00000000beb00000| Untracked 
| 492|0x00000000bec00000, 0x00000000bec00000, 0x00000000bed00000|  0%| F|  |TAMS 0x00000000bec00000, 0x00000000bec00000| Untracked 
| 493|0x00000000bed00000, 0x00000000bed00000, 0x00000000bee00000|  0%| F|  |TAMS 0x00000000bed00000, 0x00000000bed00000| Untracked 
| 494|0x00000000bee00000, 0x00000000bee00000, 0x00000000bef00000|  0%| F|  |TAMS 0x00000000bee00000, 0x00000000bee00000| Untracked 
| 495|0x00000000bef00000, 0x00000000bef00000, 0x00000000bf000000|  0%| F|  |TAMS 0x00000000bef00000, 0x00000000bef00000| Untracked 
| 496|0x00000000bf000000, 0x00000000bf000000, 0x00000000bf100000|  0%| F|  |TAMS 0x00000000bf000000, 0x00000000bf000000| Untracked 
| 497|0x00000000bf100000, 0x00000000bf100000, 0x00000000bf200000|  0%| F|  |TAMS 0x00000000bf100000, 0x00000000bf100000| Untracked 
| 498|0x00000000bf200000, 0x00000000bf200000, 0x00000000bf300000|  0%| F|  |TAMS 0x00000000bf200000, 0x00000000bf200000| Untracked 
| 499|0x00000000bf300000, 0x00000000bf300000, 0x00000000bf400000|  0%| F|  |TAMS 0x00000000bf300000, 0x00000000bf300000| Untracked 
| 500|0x00000000bf400000, 0x00000000bf400000, 0x00000000bf500000|  0%| F|  |TAMS 0x00000000bf400000, 0x00000000bf400000| Untracked 
| 501|0x00000000bf500000, 0x00000000bf500000, 0x00000000bf600000|  0%| F|  |TAMS 0x00000000bf500000, 0x00000000bf500000| Untracked 
| 502|0x00000000bf600000, 0x00000000bf600000, 0x00000000bf700000|  0%| F|  |TAMS 0x00000000bf600000, 0x00000000bf600000| Untracked 
| 503|0x00000000bf700000, 0x00000000bf700000, 0x00000000bf800000|  0%| F|  |TAMS 0x00000000bf700000, 0x00000000bf700000| Untracked 
| 504|0x00000000bf800000, 0x00000000bf800000, 0x00000000bf900000|  0%| F|  |TAMS 0x00000000bf800000, 0x00000000bf800000| Untracked 
| 505|0x00000000bf900000, 0x00000000bf900000, 0x00000000bfa00000|  0%| F|  |TAMS 0x00000000bf900000, 0x00000000bf900000| Untracked 
| 506|0x00000000bfa00000, 0x00000000bfa00000, 0x00000000bfb00000|  0%| F|  |TAMS 0x00000000bfa00000, 0x00000000bfa00000| Untracked 
| 507|0x00000000bfb00000, 0x00000000bfb00000, 0x00000000bfc00000|  0%| F|  |TAMS 0x00000000bfb00000, 0x00000000bfb00000| Untracked 
| 508|0x00000000bfc00000, 0x00000000bfc00000, 0x00000000bfd00000|  0%| F|  |TAMS 0x00000000bfc00000, 0x00000000bfc00000| Untracked 
| 509|0x00000000bfd00000, 0x00000000bfd00000, 0x00000000bfe00000|  0%| F|  |TAMS 0x00000000bfd00000, 0x00000000bfd00000| Untracked 
| 510|0x00000000bfe00000, 0x00000000bfe00000, 0x00000000bff00000|  0%| F|  |TAMS 0x00000000bfe00000, 0x00000000bfe00000| Untracked 
| 511|0x00000000bff00000, 0x00000000bff00000, 0x00000000c0000000|  0%| F|  |TAMS 0x00000000bff00000, 0x00000000bff00000| Untracked 
| 512|0x00000000c0000000, 0x00000000c0000000, 0x00000000c0100000|  0%| F|  |TAMS 0x00000000c0000000, 0x00000000c0000000| Untracked 
| 513|0x00000000c0100000, 0x00000000c0100000, 0x00000000c0200000|  0%| F|  |TAMS 0x00000000c0100000, 0x00000000c0100000| Untracked 
| 514|0x00000000c0200000, 0x00000000c0200000, 0x00000000c0300000|  0%| F|  |TAMS 0x00000000c0200000, 0x00000000c0200000| Untracked 
| 515|0x00000000c0300000, 0x00000000c0300000, 0x00000000c0400000|  0%| F|  |TAMS 0x00000000c0300000, 0x00000000c0300000| Untracked 
| 516|0x00000000c0400000, 0x00000000c0400000, 0x00000000c0500000|  0%| F|  |TAMS 0x00000000c0400000, 0x00000000c0400000| Untracked 
| 517|0x00000000c0500000, 0x00000000c0500000, 0x00000000c0600000|  0%| F|  |TAMS 0x00000000c0500000, 0x00000000c0500000| Untracked 
| 518|0x00000000c0600000, 0x00000000c0600000, 0x00000000c0700000|  0%| F|  |TAMS 0x00000000c0600000, 0x00000000c0600000| Untracked 
| 519|0x00000000c0700000, 0x00000000c0700000, 0x00000000c0800000|  0%| F|  |TAMS 0x00000000c0700000, 0x00000000c0700000| Untracked 
| 520|0x00000000c0800000, 0x00000000c0800000, 0x00000000c0900000|  0%| F|  |TAMS 0x00000000c0800000, 0x00000000c0800000| Untracked 
| 521|0x00000000c0900000, 0x00000000c0900000, 0x00000000c0a00000|  0%| F|  |TAMS 0x00000000c0900000, 0x00000000c0900000| Untracked 
| 522|0x00000000c0a00000, 0x00000000c0a00000, 0x00000000c0b00000|  0%| F|  |TAMS 0x00000000c0a00000, 0x00000000c0a00000| Untracked 
| 523|0x00000000c0b00000, 0x00000000c0b00000, 0x00000000c0c00000|  0%| F|  |TAMS 0x00000000c0b00000, 0x00000000c0b00000| Untracked 
| 524|0x00000000c0c00000, 0x00000000c0c00000, 0x00000000c0d00000|  0%| F|  |TAMS 0x00000000c0c00000, 0x00000000c0c00000| Untracked 
| 525|0x00000000c0d00000, 0x00000000c0d00000, 0x00000000c0e00000|  0%| F|  |TAMS 0x00000000c0d00000, 0x00000000c0d00000| Untracked 
| 526|0x00000000c0e00000, 0x00000000c0e00000, 0x00000000c0f00000|  0%| F|  |TAMS 0x00000000c0e00000, 0x00000000c0e00000| Untracked 
| 527|0x00000000c0f00000, 0x00000000c0f00000, 0x00000000c1000000|  0%| F|  |TAMS 0x00000000c0f00000, 0x00000000c0f00000| Untracked 
| 528|0x00000000c1000000, 0x00000000c1000000, 0x00000000c1100000|  0%| F|  |TAMS 0x00000000c1000000, 0x00000000c1000000| Untracked 
| 529|0x00000000c1100000, 0x00000000c1100000, 0x00000000c1200000|  0%| F|  |TAMS 0x00000000c1100000, 0x00000000c1100000| Untracked 
| 530|0x00000000c1200000, 0x00000000c1200000, 0x00000000c1300000|  0%| F|  |TAMS 0x00000000c1200000, 0x00000000c1200000| Untracked 
| 531|0x00000000c1300000, 0x00000000c1300000, 0x00000000c1400000|  0%| F|  |TAMS 0x00000000c1300000, 0x00000000c1300000| Untracked 
| 532|0x00000000c1400000, 0x00000000c1400000, 0x00000000c1500000|  0%| F|  |TAMS 0x00000000c1400000, 0x00000000c1400000| Untracked 
| 533|0x00000000c1500000, 0x00000000c1500000, 0x00000000c1600000|  0%| F|  |TAMS 0x00000000c1500000, 0x00000000c1500000| Untracked 
| 534|0x00000000c1600000, 0x00000000c1600000, 0x00000000c1700000|  0%| F|  |TAMS 0x00000000c1600000, 0x00000000c1600000| Untracked 
| 535|0x00000000c1700000, 0x00000000c1700000, 0x00000000c1800000|  0%| F|  |TAMS 0x00000000c1700000, 0x00000000c1700000| Untracked 
| 536|0x00000000c1800000, 0x00000000c1800000, 0x00000000c1900000|  0%| F|  |TAMS 0x00000000c1800000, 0x00000000c1800000| Untracked 
| 537|0x00000000c1900000, 0x00000000c1900000, 0x00000000c1a00000|  0%| F|  |TAMS 0x00000000c1900000, 0x00000000c1900000| Untracked 
| 538|0x00000000c1a00000, 0x00000000c1a00000, 0x00000000c1b00000|  0%| F|  |TAMS 0x00000000c1a00000, 0x00000000c1a00000| Untracked 
| 539|0x00000000c1b00000, 0x00000000c1b00000, 0x00000000c1c00000|  0%| F|  |TAMS 0x00000000c1b00000, 0x00000000c1b00000| Untracked 
| 540|0x00000000c1c00000, 0x00000000c1c00000, 0x00000000c1d00000|  0%| F|  |TAMS 0x00000000c1c00000, 0x00000000c1c00000| Untracked 
| 541|0x00000000c1d00000, 0x00000000c1d00000, 0x00000000c1e00000|  0%| F|  |TAMS 0x00000000c1d00000, 0x00000000c1d00000| Untracked 
| 542|0x00000000c1e00000, 0x00000000c1e00000, 0x00000000c1f00000|  0%| F|  |TAMS 0x00000000c1e00000, 0x00000000c1e00000| Untracked 
| 543|0x00000000c1f00000, 0x00000000c1f80a58, 0x00000000c2000000| 50%| E|  |TAMS 0x00000000c1f00000, 0x00000000c1f00000| Complete 
| 544|0x00000000c2000000, 0x00000000c2100000, 0x00000000c2100000|100%| E|CS|TAMS 0x00000000c2000000, 0x00000000c2000000| Complete 
| 545|0x00000000c2100000, 0x00000000c2200000, 0x00000000c2200000|100%| E|CS|TAMS 0x00000000c2100000, 0x00000000c2100000| Complete 
| 546|0x00000000c2200000, 0x00000000c2300000, 0x00000000c2300000|100%| E|CS|TAMS 0x00000000c2200000, 0x00000000c2200000| Complete 
| 547|0x00000000c2300000, 0x00000000c2400000, 0x00000000c2400000|100%| E|CS|TAMS 0x00000000c2300000, 0x00000000c2300000| Complete 
| 901|0x00000000d8500000, 0x00000000d8600000, 0x00000000d8600000|100%| E|CS|TAMS 0x00000000d8500000, 0x00000000d8500000| Complete 
|1015|0x00000000df700000, 0x00000000df800000, 0x00000000df800000|100%| E|CS|TAMS 0x00000000df700000, 0x00000000df700000| Complete 

Card table byte_map: [0x00000201be2a0000,0x00000201be5a0000] _byte_map_base: 0x00000201bdda0000

Marking Bits (Prev, Next): (CMBitMap*) 0x00000201a69d44b0, (CMBitMap*) 0x00000201a69d44f0
 Prev Bits: [0x00000201be8a0000, 0x00000201c00a0000)
 Next Bits: [0x00000201c00a0000, 0x00000201c18a0000)

Polling page: 0x00000201a30c0000

Metaspace:

Usage:
  Non-class:    155.31 MB used.
      Class:     21.41 MB used.
       Both:    176.72 MB used.

Virtual space:
  Non-class space:      192.00 MB reserved,     155.88 MB ( 81%) committed,  3 nodes.
      Class space:        1.00 GB reserved,      22.00 MB (  2%) committed,  1 nodes.
             Both:        1.19 GB reserved,     177.88 MB ( 15%) committed. 

Chunk freelists:
   Non-Class:  3.95 MB
       Class:  9.82 MB
        Both:  13.77 MB

MaxMetaspaceSize: unlimited
CompressedClassSpaceSize: 1.00 GB
Initial GC threshold: 21.00 MB
Current GC threshold: 287.50 MB
CDS: on
MetaspaceReclaimPolicy: balanced
 - commit_granule_bytes: 65536.
 - commit_granule_words: 8192.
 - virtual_space_node_default_size: 8388608.
 - enlarge_chunks_in_place: 1.
 - new_chunks_are_fully_committed: 0.
 - uncommit_free_chunks: 1.
 - use_allocation_guard: 0.
 - handle_deallocations: 1.


Internal statistics:

num_allocs_failed_limit: 12.
num_arena_births: 1992.
num_arena_deaths: 10.
num_vsnodes_births: 4.
num_vsnodes_deaths: 0.
num_space_committed: 2847.
num_space_uncommitted: 5.
num_chunks_returned_to_freelist: 59.
num_chunks_taken_from_freelist: 9641.
num_chunk_merges: 19.
num_chunk_splits: 6692.
num_chunks_enlarged: 4768.
num_inconsistent_stats: 0.

CodeHeap 'non-profiled nmethods': size=119168Kb used=23894Kb max_used=25573Kb free=95273Kb
 bounds [0x00000201b6090000, 0x00000201b7990000, 0x00000201bd4f0000]
CodeHeap 'profiled nmethods': size=119104Kb used=65266Kb max_used=66144Kb free=53837Kb
 bounds [0x00000201ae4f0000, 0x00000201b25a0000, 0x00000201b5940000]
CodeHeap 'non-nmethods': size=7488Kb used=3644Kb max_used=3807Kb free=3843Kb
 bounds [0x00000201b5940000, 0x00000201b5d00000, 0x00000201b6090000]
 total_blobs=25491 nmethods=24403 adapters=993
 compilation: enabled
              stopped_count=0, restarted_count=0
 full_count=0

Compilation events (20 events):
Event: 68.361 Thread 0x00000201c4db8710 32280       3       org.jetbrains.kotlin.fir.analysis.checkers.expression.ExpressionCheckersDiagnosticComponent::visitSafeCallExpression (13 bytes)
Event: 68.361 Thread 0x000002020bb49410 32281       3       org.jetbrains.kotlin.fir.analysis.checkers.expression.ExpressionCheckersDiagnosticComponent::visitCheckedSafeCallSubject (13 bytes)
Event: 68.361 Thread 0x00000201c4db8710 nmethod 32280 0x00000201b0454610 code [0x00000201b04547c0, 0x00000201b0454a08]
Event: 68.361 Thread 0x000002020bb49410 nmethod 32281 0x00000201b1f32110 code [0x00000201b1f322c0, 0x00000201b1f32508]
Event: 68.361 Thread 0x00000202106633a0 nmethod 32279 0x00000201b7602c10 code [0x00000201b7602da0, 0x00000201b7602e88]
Event: 68.361 Thread 0x00000202219f08f0 nmethod 32277 0x00000201b781c210 code [0x00000201b781c3c0, 0x00000201b781c568]
Event: 68.361 Thread 0x00000202219f08f0 32282       4       org.jetbrains.kotlin.fir.visitors.FirDefaultVisitor::visitThisReceiverExpression (17 bytes)
Event: 68.362 Thread 0x00000202106633a0 32283       4       org.jetbrains.kotlin.fir.visitors.FirDefaultVisitor::visitThisReference (17 bytes)
Event: 68.362 Thread 0x00000202106633a0 nmethod 32283 0x00000201b76fdf90 code [0x00000201b76fe120, 0x00000201b76fe1d8]
Event: 68.362 Thread 0x00000202106633a0 32284   !   4       org.jetbrains.kotlin.fir.analysis.checkers.expression.ExpressionCheckersDiagnosticComponent::visitReturnExpression (245 bytes)
Event: 68.366 Thread 0x00000202106633a0 nmethod 32284 0x00000201b770e610 code [0x00000201b770e7c0, 0x00000201b770edd8]
Event: 68.367 Thread 0x00000202106633a0 32285   !   4       org.jetbrains.kotlin.fir.analysis.checkers.declaration.DeclarationCheckersDiagnosticComponent::visitAnonymousFunction (241 bytes)
Event: 68.369 Thread 0x00000201c4b7b1a0 32286       3       org.jetbrains.kotlin.fir.analysis.checkers.declaration.DeclarationCheckers::getAllAnonymousFunctionCheckers$checkers (15 bytes)
Event: 68.369 Thread 0x00000201c4b7b1a0 nmethod 32286 0x00000201b21de090 code [0x00000201b21de240, 0x00000201b21de508]
Event: 68.369 Thread 0x00000202219f08f0 nmethod 32282 0x00000201b7555d90 code [0x00000201b7556060, 0x00000201b7556b30]
Event: 68.370 Thread 0x00000202106633a0 nmethod 32285 0x00000201b6e5a590 code [0x00000201b6e5a720, 0x00000201b6e5a958]
Event: 68.370 Thread 0x00000201c4b7b1a0 32287       3       org.jetbrains.kotlin.fir.analysis.jvm.checkers.declaration.FirJvmThrowsChecker::check (98 bytes)
Event: 68.372 Thread 0x00000201c4b7b1a0 nmethod 32287 0x00000201b23e6f90 code [0x00000201b23e76e0, 0x00000201b23eb1e8]
Event: 68.378 Thread 0x000002020bb49410 32288       3       org.jetbrains.kotlin.fir.analysis.checkers.FirRedeclarationPresenter::appendRepresentation (15 bytes)
Event: 68.378 Thread 0x00000201c4ec1dd0 32289       1       org.jetbrains.kotlin.fir.analysis.checkers.DeclarationBuckets::getClassLikes (5 bytes)

GC Heap History (20 events):
Event: 57.234 GC heap before
{Heap before GC invocations=55 (full 0):
 garbage-first heap   total 563200K, used 347965K [0x00000000a0000000, 0x0000000100000000)
  region size 1024K, 27 young (27648K), 12 survivors (12288K)
 Metaspace       used 175407K, committed 176640K, reserved 1245184K
  class space    used 21563K, committed 22208K, reserved 1048576K
}
Event: 57.247 GC heap after
{Heap after GC invocations=56 (full 0):
 garbage-first heap   total 563200K, used 331295K [0x00000000a0000000, 0x0000000100000000)
  region size 1024K, 3 young (3072K), 3 survivors (3072K)
 Metaspace       used 175407K, committed 176640K, reserved 1245184K
  class space    used 21563K, committed 22208K, reserved 1048576K
}
Event: 58.224 GC heap before
{Heap before GC invocations=56 (full 0):
 garbage-first heap   total 563200K, used 467487K [0x00000000a0000000, 0x0000000100000000)
  region size 1024K, 136 young (139264K), 3 survivors (3072K)
 Metaspace       used 175460K, committed 176640K, reserved 1245184K
  class space    used 21567K, committed 22208K, reserved 1048576K
}
Event: 58.228 GC heap after
{Heap after GC invocations=57 (full 0):
 garbage-first heap   total 563200K, used 335587K [0x00000000a0000000, 0x0000000100000000)
  region size 1024K, 7 young (7168K), 7 survivors (7168K)
 Metaspace       used 175460K, committed 176640K, reserved 1245184K
  class space    used 21567K, committed 22208K, reserved 1048576K
}
Event: 58.652 GC heap before
{Heap before GC invocations=57 (full 0):
 garbage-first heap   total 563200K, used 472803K [0x00000000a0000000, 0x0000000100000000)
  region size 1024K, 141 young (144384K), 7 survivors (7168K)
 Metaspace       used 175468K, committed 176704K, reserved 1245184K
  class space    used 21567K, committed 22208K, reserved 1048576K
}
Event: 58.660 GC heap after
{Heap after GC invocations=58 (full 0):
 garbage-first heap   total 563200K, used 360315K [0x00000000a0000000, 0x0000000100000000)
  region size 1024K, 18 young (18432K), 18 survivors (18432K)
 Metaspace       used 175468K, committed 176704K, reserved 1245184K
  class space    used 21567K, committed 22208K, reserved 1048576K
}
Event: 59.380 GC heap before
{Heap before GC invocations=58 (full 0):
 garbage-first heap   total 563200K, used 467835K [0x00000000a0000000, 0x0000000100000000)
  region size 1024K, 123 young (125952K), 18 survivors (18432K)
 Metaspace       used 175524K, committed 176704K, reserved 1245184K
  class space    used 21567K, committed 22208K, reserved 1048576K
}
Event: 59.387 GC heap after
{Heap after GC invocations=59 (full 0):
 garbage-first heap   total 563200K, used 373617K [0x00000000a0000000, 0x0000000100000000)
  region size 1024K, 13 young (13312K), 13 survivors (13312K)
 Metaspace       used 175524K, committed 176704K, reserved 1245184K
  class space    used 21567K, committed 22208K, reserved 1048576K
}
Event: 60.236 GC heap before
{Heap before GC invocations=59 (full 0):
 garbage-first heap   total 563200K, used 471921K [0x00000000a0000000, 0x0000000100000000)
  region size 1024K, 109 young (111616K), 13 survivors (13312K)
 Metaspace       used 175569K, committed 176768K, reserved 1245184K
  class space    used 21568K, committed 22208K, reserved 1048576K
}
Event: 60.243 GC heap after
{Heap after GC invocations=60 (full 0):
 garbage-first heap   total 563200K, used 379993K [0x00000000a0000000, 0x0000000100000000)
  region size 1024K, 7 young (7168K), 7 survivors (7168K)
 Metaspace       used 175569K, committed 176768K, reserved 1245184K
  class space    used 21568K, committed 22208K, reserved 1048576K
}
Event: 61.016 GC heap before
{Heap before GC invocations=60 (full 0):
 garbage-first heap   total 563200K, used 477273K [0x00000000a0000000, 0x0000000100000000)
  region size 1024K, 102 young (104448K), 7 survivors (7168K)
 Metaspace       used 175642K, committed 176832K, reserved 1245184K
  class space    used 21571K, committed 22208K, reserved 1048576K
}
Event: 61.021 GC heap after
{Heap after GC invocations=61 (full 0):
 garbage-first heap   total 563200K, used 385301K [0x00000000a0000000, 0x0000000100000000)
  region size 1024K, 12 young (12288K), 12 survivors (12288K)
 Metaspace       used 175642K, committed 176832K, reserved 1245184K
  class space    used 21571K, committed 22208K, reserved 1048576K
}
Event: 62.909 GC heap before
{Heap before GC invocations=61 (full 0):
 garbage-first heap   total 563200K, used 480533K [0x00000000a0000000, 0x0000000100000000)
  region size 1024K, 105 young (107520K), 12 survivors (12288K)
 Metaspace       used 179347K, committed 180544K, reserved 1245184K
  class space    used 21852K, committed 22464K, reserved 1048576K
}
Event: 62.916 GC heap after
{Heap after GC invocations=62 (full 0):
 garbage-first heap   total 563200K, used 392229K [0x00000000a0000000, 0x0000000100000000)
  region size 1024K, 13 young (13312K), 13 survivors (13312K)
 Metaspace       used 179347K, committed 180544K, reserved 1245184K
  class space    used 21852K, committed 22464K, reserved 1048576K
}
Event: 66.160 GC heap before
{Heap before GC invocations=62 (full 0):
 garbage-first heap   total 563200K, used 482341K [0x00000000a0000000, 0x0000000100000000)
  region size 1024K, 101 young (103424K), 13 survivors (13312K)
 Metaspace       used 180300K, committed 181504K, reserved 1245184K
  class space    used 21880K, committed 22528K, reserved 1048576K
}
Event: 66.164 GC heap after
{Heap after GC invocations=63 (full 0):
 garbage-first heap   total 563200K, used 393662K [0x00000000a0000000, 0x0000000100000000)
  region size 1024K, 8 young (8192K), 8 survivors (8192K)
 Metaspace       used 180300K, committed 181504K, reserved 1245184K
  class space    used 21880K, committed 22528K, reserved 1048576K
}
Event: 67.034 GC heap before
{Heap before GC invocations=63 (full 0):
 garbage-first heap   total 563200K, used 486846K [0x00000000a0000000, 0x0000000100000000)
  region size 1024K, 99 young (101376K), 8 survivors (8192K)
 Metaspace       used 180444K, committed 181632K, reserved 1245184K
  class space    used 21889K, committed 22528K, reserved 1048576K
}
Event: 67.039 GC heap after
{Heap after GC invocations=64 (full 0):
 garbage-first heap   total 563200K, used 397924K [0x00000000a0000000, 0x0000000100000000)
  region size 1024K, 6 young (6144K), 6 survivors (6144K)
 Metaspace       used 180444K, committed 181632K, reserved 1245184K
  class space    used 21889K, committed 22528K, reserved 1048576K
}
Event: 68.242 GC heap before
{Heap before GC invocations=64 (full 0):
 garbage-first heap   total 563200K, used 488036K [0x00000000a0000000, 0x0000000100000000)
  region size 1024K, 94 young (96256K), 6 survivors (6144K)
 Metaspace       used 180948K, committed 182144K, reserved 1245184K
  class space    used 21924K, committed 22528K, reserved 1048576K
}
Event: 68.247 GC heap after
{Heap after GC invocations=65 (full 0):
 garbage-first heap   total 563200K, used 402300K [0x00000000a0000000, 0x0000000100000000)
  region size 1024K, 10 young (10240K), 10 survivors (10240K)
 Metaspace       used 180948K, committed 182144K, reserved 1245184K
  class space    used 21924K, committed 22528K, reserved 1048576K
}

Dll operation events (18 events):
Event: 0.012 Loaded shared library C:\Program Files\Microsoft\jdk-17.0.18.8-hotspot\bin\java.dll
Event: 0.041 Loaded shared library C:\Program Files\Microsoft\jdk-17.0.18.8-hotspot\bin\jsvml.dll
Event: 0.090 Loaded shared library C:\Program Files\Microsoft\jdk-17.0.18.8-hotspot\bin\zip.dll
Event: 0.094 Loaded shared library C:\Program Files\Microsoft\jdk-17.0.18.8-hotspot\bin\instrument.dll
Event: 0.099 Loaded shared library C:\Program Files\Microsoft\jdk-17.0.18.8-hotspot\bin\net.dll
Event: 0.100 Loaded shared library C:\Program Files\Microsoft\jdk-17.0.18.8-hotspot\bin\nio.dll
Event: 0.103 Loaded shared library C:\Program Files\Microsoft\jdk-17.0.18.8-hotspot\bin\zip.dll
Event: 0.317 Loaded shared library C:\Program Files\Microsoft\jdk-17.0.18.8-hotspot\bin\jimage.dll
Event: 0.472 Loaded shared library C:\Program Files\Microsoft\jdk-17.0.18.8-hotspot\bin\verify.dll
Event: 0.506 Loaded shared library C:\Users\louis\.gradle\native\660c5614fbf4a5f2a75b1949f50a0caf5cd603558e7d8a26e50b933a0cfb79d1\windows-amd64\native-platform.dll
Event: 0.517 Loaded shared library C:\Users\louis\.gradle\native\0.2.8\x86_64-windows-gnu\gradle-fileevents.dll
Event: 1.367 Loaded shared library C:\Program Files\Microsoft\jdk-17.0.18.8-hotspot\bin\management.dll
Event: 1.371 Loaded shared library C:\Program Files\Microsoft\jdk-17.0.18.8-hotspot\bin\management_ext.dll
Event: 1.671 Loaded shared library C:\Program Files\Microsoft\jdk-17.0.18.8-hotspot\bin\extnet.dll
Event: 1.887 Loaded shared library C:\Program Files\Microsoft\jdk-17.0.18.8-hotspot\bin\sunmscapi.dll
Event: 14.372 Loaded shared library C:\Program Files\Microsoft\jdk-17.0.18.8-hotspot\bin\awt.dll
Event: 25.180 Loaded shared library C:\Users\louis\AppData\Local\Temp\sqlite-3.41.2.2-a09f1046-9b28-47c9-9ed3-28a1d9b3b1d0-sqlitejdbc.dll
Event: 33.196 Unloaded dll "C:\Users\louis\AppData\Local\Temp\sqlite-3.41.2.2-a09f1046-9b28-47c9-9ed3-28a1d9b3b1d0-sqlitejdbc.dll" [0x00007ffc112d0000]

Deoptimization events (20 events):
Event: 68.357 Thread 0x0000020212874a50 Uncommon trap: trap_request=0xffffffde fr.pc=0x00000201b774652c relative=0x00000000000000ec
Event: 68.357 Thread 0x0000020212874a50 Uncommon trap: reason=class_check action=maybe_recompile pc=0x00000201b774652c method=org.jetbrains.kotlin.fir.scopes.impl.FirScopeWithCallableCopyReturnTypeUpdater.processPropertiesByName(Lorg/jetbrains/kotlin/name/Name;Lkotlin/jvm/functions/Function1;)V
Event: 68.357 Thread 0x0000020212874a50 DEOPT PACKING pc=0x00000201b774652c sp=0x00000023171fc840
Event: 68.357 Thread 0x0000020212874a50 DEOPT UNPACKING pc=0x00000201b59969a3 sp=0x00000023171fc7c8 mode 2
Event: 68.357 Thread 0x0000020212874a50 Uncommon trap: trap_request=0xffffffc6 fr.pc=0x00000201b6fe6124 relative=0x00000000000001e4
Event: 68.357 Thread 0x0000020212874a50 Uncommon trap: reason=bimorphic_or_optimized_type_check action=maybe_recompile pc=0x00000201b6fe6124 method=org.jetbrains.kotlin.fir.scopes.impl.FirScopeWithCallableCopyReturnTypeUpdater.processFunctionsByName(Lorg/jetbrains/kotlin/name/Name;Lkotlin/jvm/f
Event: 68.357 Thread 0x0000020212874a50 DEOPT PACKING pc=0x00000201b6fe6124 sp=0x00000023171fc820
Event: 68.357 Thread 0x0000020212874a50 DEOPT UNPACKING pc=0x00000201b59969a3 sp=0x00000023171fc7c8 mode 2
Event: 68.357 Thread 0x0000020212874a50 Uncommon trap: trap_request=0xffffffc6 fr.pc=0x00000201b6fe6124 relative=0x00000000000001e4
Event: 68.357 Thread 0x0000020212874a50 Uncommon trap: reason=bimorphic_or_optimized_type_check action=maybe_recompile pc=0x00000201b6fe6124 method=org.jetbrains.kotlin.fir.scopes.impl.FirScopeWithCallableCopyReturnTypeUpdater.processFunctionsByName(Lorg/jetbrains/kotlin/name/Name;Lkotlin/jvm/f
Event: 68.357 Thread 0x0000020212874a50 DEOPT PACKING pc=0x00000201b6fe6124 sp=0x00000023171fc820
Event: 68.357 Thread 0x0000020212874a50 DEOPT UNPACKING pc=0x00000201b59969a3 sp=0x00000023171fc7c8 mode 2
Event: 68.357 Thread 0x0000020212874a50 Uncommon trap: trap_request=0xffffffc6 fr.pc=0x00000201b6fe6124 relative=0x00000000000001e4
Event: 68.357 Thread 0x0000020212874a50 Uncommon trap: reason=bimorphic_or_optimized_type_check action=maybe_recompile pc=0x00000201b6fe6124 method=org.jetbrains.kotlin.fir.scopes.impl.FirScopeWithCallableCopyReturnTypeUpdater.processFunctionsByName(Lorg/jetbrains/kotlin/name/Name;Lkotlin/jvm/f
Event: 68.357 Thread 0x0000020212874a50 DEOPT PACKING pc=0x00000201b6fe6124 sp=0x00000023171fc820
Event: 68.357 Thread 0x0000020212874a50 DEOPT UNPACKING pc=0x00000201b59969a3 sp=0x00000023171fc7c8 mode 2
Event: 68.357 Thread 0x0000020212874a50 Uncommon trap: trap_request=0xffffffc6 fr.pc=0x00000201b6fe6124 relative=0x00000000000001e4
Event: 68.357 Thread 0x0000020212874a50 Uncommon trap: reason=bimorphic_or_optimized_type_check action=maybe_recompile pc=0x00000201b6fe6124 method=org.jetbrains.kotlin.fir.scopes.impl.FirScopeWithCallableCopyReturnTypeUpdater.processFunctionsByName(Lorg/jetbrains/kotlin/name/Name;Lkotlin/jvm/f
Event: 68.357 Thread 0x0000020212874a50 DEOPT PACKING pc=0x00000201b6fe6124 sp=0x00000023171fc820
Event: 68.357 Thread 0x0000020212874a50 DEOPT UNPACKING pc=0x00000201b59969a3 sp=0x00000023171fc7c8 mode 2

Classes loaded (20 events):
Event: 27.662 Loading class sun/management/ThreadImpl done
Event: 27.662 Loading class com/sun/management/internal/HotSpotThreadImpl done
Event: 29.410 Loading class java/nio/channels/Channels$ReadableByteChannelImpl
Event: 29.410 Loading class java/nio/channels/Channels$ReadableByteChannelImpl done
Event: 29.412 Loading class java/nio/channels/NonWritableChannelException
Event: 29.412 Loading class java/nio/channels/NonWritableChannelException done
Event: 32.086 Loading class java/util/regex/Pattern$1
Event: 32.086 Loading class java/util/regex/Pattern$1 done
Event: 35.117 Loading class java/text/StringCharacterIterator
Event: 35.117 Loading class java/text/CharacterIterator
Event: 35.117 Loading class java/text/CharacterIterator done
Event: 35.117 Loading class java/text/StringCharacterIterator done
Event: 40.672 Loading class java/time/Instant$1
Event: 40.672 Loading class java/time/Instant$1 done
Event: 46.055 Loading class java/util/stream/SortedOps$RefSortingSink
Event: 46.056 Loading class java/util/stream/SortedOps$RefSortingSink done
Event: 61.781 Loading class java/text/MessageFormat
Event: 61.781 Loading class java/text/MessageFormat done
Event: 61.830 Loading class java/text/ChoiceFormat
Event: 61.830 Loading class java/text/ChoiceFormat done

Classes unloaded (20 events):
Event: 33.156 Thread 0x00000201c4d755b0 Unloading class 0x00000201c6d56aa0 'androidx/room/compiler/processing/ksp/KspProcessingEnv$jvmVersion$2'
Event: 33.156 Thread 0x00000201c4d755b0 Unloading class 0x00000201c6d56670 'androidx/room/compiler/processing/XProcessingEnv$Platform'
Event: 33.156 Thread 0x00000201c4d755b0 Unloading class 0x00000201c6d56430 'androidx/room/compiler/processing/ksp/KspProcessingEnv$jvmPlatformInfo$2'
Event: 33.156 Thread 0x00000201c4d755b0 Unloading class 0x00000201c6d56000 'androidx/room/compiler/processing/XProcessingEnv$Backend'
Event: 33.156 Thread 0x00000201c4d755b0 Unloading class 0x00000201c6d55d50 'androidx/room/compiler/processing/XProcessingEnv$Companion'
Event: 33.156 Thread 0x00000201c4d755b0 Unloading class 0x00000201c6d559c0 'androidx/room/compiler/processing/ksp/KspProcessingEnv'
Event: 33.156 Thread 0x00000201c4d755b0 Unloading class 0x00000201c6d557c8 'androidx/room/compiler/processing/XProcessingEnv'
Event: 33.156 Thread 0x00000201c4d755b0 Unloading class 0x00000201c6d55588 'androidx/room/compiler/processing/ksp/KspBasicAnnotationProcessor$DelegateLogger'
Event: 33.156 Thread 0x00000201c4d755b0 Unloading class 0x00000201c6d55150 'androidx/room/processor/Context$BooleanProcessorOptions'
Event: 33.156 Thread 0x00000201c4d755b0 Unloading class 0x00000201c6d54f48 'androidx/room/compiler/processing/XProcessingEnvConfig$Builder'
Event: 33.156 Thread 0x00000201c4d755b0 Unloading class 0x00000201c6d54d48 'androidx/room/compiler/processing/XProcessingEnvConfig$Companion'
Event: 33.156 Thread 0x00000201c4d755b0 Unloading class 0x00000201c6d54b48 'androidx/room/compiler/processing/XProcessingEnvConfig'
Event: 33.156 Thread 0x00000201c4d755b0 Unloading class 0x00000201c6d54948 'androidx/room/DatabaseProcessingStep$Companion'
Event: 33.156 Thread 0x00000201c4d755b0 Unloading class 0x00000201c6d54708 'androidx/room/DatabaseProcessingStep'
Event: 33.156 Thread 0x00000201c4d755b0 Unloading class 0x00000201c6d54510 'androidx/room/compiler/processing/XProcessingStep'
Event: 33.156 Thread 0x00000201c4d755b0 Unloading class 0x00000201c6d54288 'androidx/room/RoomKspProcessor'
Event: 33.156 Thread 0x00000201c4d755b0 Unloading class 0x00000201c6d54000 'androidx/room/compiler/processing/ksp/KspBasicAnnotationProcessor'
Event: 33.156 Thread 0x00000201c4d755b0 Unloading class 0x00000201c67e8c30 'androidx/room/compiler/processing/XBasicAnnotationProcessor'
Event: 33.156 Thread 0x00000201c4d755b0 Unloading class 0x00000201c67e8a18 'com/squareup/moshi/kotlin/codegen/ksp/JsonClassSymbolProcessorProvider'
Event: 33.156 Thread 0x00000201c4d755b0 Unloading class 0x00000201c67e8800 'androidx/room/RoomKspProcessor$Provider'

Classes redefined (0 events):
No events

Internal exceptions (20 events):
Event: 39.942 Thread 0x0000020212874a50 Implicit null exception at 0x00000201b6cbb3f5 to 0x00000201b6cbbac8
Event: 40.003 Thread 0x0000020212874a50 Implicit null exception at 0x00000201b63d7d4c to 0x00000201b63d7d94
Event: 43.106 Thread 0x0000020212874a50 Exception <a 'java/lang/NoSuchMethodError'{0x00000000b8b28cf8}: 'java.lang.Object java.lang.invoke.DirectMethodHandle$Holder.newInvokeSpecial(java.lang.Object, java.lang.Object, java.lang.Object, java.lang.Object, int, int)'> (0x00000000b8b28cf8) 
thrown [s\src\hotspot\share\interpreter\linkResolver.cpp, line 759]
Event: 52.621 Thread 0x0000020212874a50 Implicit null exception at 0x00000201b6e6b240 to 0x00000201b6e6b41c
Event: 52.623 Thread 0x0000020212874a50 Implicit null exception at 0x00000201b6d6c254 to 0x00000201b6d6c6a4
Event: 54.397 Thread 0x0000020212874a50 Implicit null exception at 0x00000201b70bffef to 0x00000201b70c4385
Event: 61.165 Thread 0x0000020212874a50 Implicit null exception at 0x00000201b730094b to 0x00000201b7304174
Event: 61.675 Thread 0x0000020212874a50 Exception <a 'java/lang/NoSuchMethodError'{0x00000000be22a530}: 'java.lang.Object java.lang.invoke.DirectMethodHandle$Holder.invokeStatic(java.lang.Object, int, int, java.lang.Object)'> (0x00000000be22a530) 
thrown [s\src\hotspot\share\interpreter\linkResolver.cpp, line 759]
Event: 61.676 Thread 0x0000020212874a50 Exception <a 'java/lang/NoSuchMethodError'{0x00000000be22de30}: 'java.lang.Object java.lang.invoke.DirectMethodHandle$Holder.invokeStaticInit(java.lang.Object, int, int, java.lang.Object)'> (0x00000000be22de30) 
thrown [s\src\hotspot\share\interpreter\linkResolver.cpp, line 759]
Event: 61.981 Thread 0x0000020212874a50 Exception <a 'java/lang/NoSuchMethodError'{0x00000000bd509848}: 'java.lang.Object java.lang.invoke.DirectMethodHandle$Holder.invokeStatic(java.lang.Object, java.lang.Object, java.lang.Object, java.lang.Object, java.lang.Object, int)'> (0x00000000bd509848) 
thrown [s\src\hotspot\share\interpreter\linkResolver.cpp, line 759]
Event: 62.022 Thread 0x0000020212874a50 Implicit null exception at 0x00000201b6e5a7f6 to 0x00000201b6e5aa64
Event: 62.023 Thread 0x0000020212874a50 Implicit null exception at 0x00000201b6463255 to 0x00000201b6463424
Event: 62.885 Thread 0x0000020212874a50 Implicit null exception at 0x00000201b7562239 to 0x00000201b75629b4
Event: 63.065 Thread 0x0000020212874a50 Implicit null exception at 0x00000201b747c35c to 0x00000201b747c380
Event: 63.503 Thread 0x0000020212874a50 Implicit null exception at 0x00000201b76e035d to 0x00000201b76e1140
Event: 65.142 Thread 0x0000020212874a50 Implicit null exception at 0x00000201b7307b26 to 0x00000201b7308c3c
Event: 65.416 Thread 0x0000020212874a50 Implicit null exception at 0x00000201b76e51ee to 0x00000201b76e631c
Event: 66.097 Thread 0x0000020212874a50 Implicit null exception at 0x00000201b6e35854 to 0x00000201b6e37550
Event: 66.106 Thread 0x0000020212874a50 Implicit null exception at 0x00000201b6e39c88 to 0x00000201b6e3b9f4
Event: 67.822 Thread 0x0000020212874a50 Exception <a 'java/lang/NoSuchMethodError'{0x00000000be6b3ae0}: 'java.lang.Object java.lang.invoke.DirectMethodHandle$Holder.invokeStatic(java.lang.Object, java.lang.Object, int, java.lang.Object, java.lang.Object, java.lang.Object, java.lang.Object, java.lang.Object)'> (0x00000000be6b3ae0) 
thrown [s\src\hotspot\share\interpreter\linkResolver.cpp, line 759]

VM Operations (20 events):
Event: 67.589 Executing VM operation: HandshakeAllThreads done
Event: 67.798 Executing VM operation: HandshakeAllThreads
Event: 67.799 Executing VM operation: HandshakeAllThreads done
Event: 67.851 Executing VM operation: HandshakeAllThreads
Event: 67.851 Executing VM operation: HandshakeAllThreads done
Event: 67.851 Executing VM operation: HandshakeAllThreads
Event: 67.851 Executing VM operation: HandshakeAllThreads done
Event: 67.857 Executing VM operation: HandshakeAllThreads
Event: 67.857 Executing VM operation: HandshakeAllThreads done
Event: 67.895 Executing VM operation: ICBufferFull
Event: 67.895 Executing VM operation: ICBufferFull done
Event: 67.938 Executing VM operation: HandshakeAllThreads
Event: 67.938 Executing VM operation: HandshakeAllThreads done
Event: 68.035 Executing VM operation: HandshakeAllThreads
Event: 68.036 Executing VM operation: HandshakeAllThreads done
Event: 68.194 Executing VM operation: ICBufferFull
Event: 68.194 Executing VM operation: ICBufferFull done
Event: 68.241 Executing VM operation: G1CollectForAllocation
Event: 68.247 Executing VM operation: G1CollectForAllocation done
Event: 68.378 Executing VM operation: G1PauseRemark

Memory protections (0 events):
No events

Nmethod flushes (20 events):
Event: 68.089 Thread 0x00000201c4dc1040 flushing  nmethod 0x00000201b0843990
Event: 68.091 Thread 0x00000201c4dc1040 flushing  nmethod 0x00000201b0ab6a10
Event: 68.093 Thread 0x00000201c4dc1040 flushing  nmethod 0x00000201b0c25910
Event: 68.097 Thread 0x00000201c4dc1040 flushing  nmethod 0x00000201b113b790
Event: 68.101 Thread 0x00000201c4dc1040 flushing  nmethod 0x00000201b1611f10
Event: 68.101 Thread 0x00000201c4dc1040 flushing  nmethod 0x00000201b1614410
Event: 68.103 Thread 0x00000201c4dc1040 flushing  nmethod 0x00000201b18afd10
Event: 68.104 Thread 0x00000201c4dc1040 flushing  nmethod 0x00000201b1906710
Event: 68.109 Thread 0x00000201c4dc1040 flushing  nmethod 0x00000201b1eaf190
Event: 68.110 Thread 0x00000201c4dc1040 flushing  nmethod 0x00000201b1f32110
Event: 68.110 Thread 0x00000201c4dc1040 flushing  nmethod 0x00000201b1ff3510
Event: 68.111 Thread 0x00000201c4dc1040 flushing  nmethod 0x00000201b20b8f90
Event: 68.112 Thread 0x00000201c4dc1040 flushing  nmethod 0x00000201b2166510
Event: 68.112 Thread 0x00000201c4dc1040 flushing  nmethod 0x00000201b2175c90
Event: 68.112 Thread 0x00000201c4dc1040 flushing  nmethod 0x00000201b2188210
Event: 68.113 Thread 0x00000201c4dc1040 flushing  nmethod 0x00000201b22cfd10
Event: 68.113 Thread 0x00000201c4dc1040 flushing  nmethod 0x00000201b22e2e10
Event: 68.113 Thread 0x00000201c4dc1040 flushing  nmethod 0x00000201b22f2710
Event: 68.113 Thread 0x00000201c4dc1040 flushing  nmethod 0x00000201b2308590
Event: 68.114 Thread 0x00000201c4dc1040 flushing  nmethod 0x00000201b244b010

Events (20 events):
Event: 45.978 Thread 0x000002020cafaaf0 Thread exited: 0x000002020cafaaf0
Event: 46.147 Thread 0x00000201c4ec1dd0 Thread added: 0x00000202219f08f0
Event: 46.152 Thread 0x00000201c4b7b1a0 Thread added: 0x000002020cafaaf0
Event: 46.159 Thread 0x000002020bb49410 Thread added: 0x0000020220ad5a00
Event: 46.177 Thread 0x00000201c4ec1dd0 Thread added: 0x000002022fb20510
Event: 46.246 Thread 0x000002020bb49410 Thread added: 0x0000020220ad54b0
Event: 46.247 Thread 0x000002020bb49410 Thread added: 0x0000020220ad69f0
Event: 47.521 Thread 0x00000201c4b7b1a0 Thread added: 0x0000020210660920
Event: 55.990 Thread 0x0000020210660920 Thread exited: 0x0000020210660920
Event: 56.663 Thread 0x0000020220ad69f0 Thread exited: 0x0000020220ad69f0
Event: 56.726 Thread 0x0000020220ad54b0 Thread exited: 0x0000020220ad54b0
Event: 59.302 Thread 0x000002022fb20510 Thread exited: 0x000002022fb20510
Event: 59.781 Thread 0x0000020220ad5a00 Thread exited: 0x0000020220ad5a00
Event: 61.864 Thread 0x000002020cafaaf0 Thread exited: 0x000002020cafaaf0
Event: 62.961 Thread 0x000002020bb49410 Thread added: 0x00000202106633a0
Event: 63.031 Thread 0x00000201c4b7b1a0 Thread added: 0x00000202300988f0
Event: 63.037 Thread 0x00000201c4db8710 Thread added: 0x0000020221098ff0
Event: 63.040 Thread 0x000002020bb49410 Thread added: 0x00000202106613c0
Event: 63.041 Thread 0x00000201c4ec1dd0 Thread added: 0x000002022fb1fa70
Event: 64.884 Thread 0x000002022fb1fa70 Thread exited: 0x000002022fb1fa70


Dynamic libraries:
0x00007ff678ba0000 - 0x00007ff678bae000 	C:\Program Files\Microsoft\jdk-17.0.18.8-hotspot\bin\java.exe
0x00007ffcbae20000 - 0x00007ffcbb086000 	C:\WINDOWS\SYSTEM32\ntdll.dll
0x00007ffcb9d60000 - 0x00007ffcb9e29000 	C:\WINDOWS\System32\KERNEL32.DLL
0x00007ffcb82e0000 - 0x00007ffcb86df000 	C:\WINDOWS\System32\KERNELBASE.dll
0x00007ffcb89c0000 - 0x00007ffcb8b0c000 	C:\WINDOWS\System32\ucrtbase.dll
0x00007ffc2f060000 - 0x00007ffc2f07e000 	C:\Program Files\Microsoft\jdk-17.0.18.8-hotspot\bin\VCRUNTIME140.dll
0x00007ffc2fce0000 - 0x00007ffc2fcf8000 	C:\Program Files\Microsoft\jdk-17.0.18.8-hotspot\bin\jli.dll
0x00007ffcb9400000 - 0x00007ffcb95c6000 	C:\WINDOWS\System32\USER32.dll
0x00007ffcb8b20000 - 0x00007ffcb8b47000 	C:\WINDOWS\System32\win32u.dll
0x00007ffca2d10000 - 0x00007ffca2fa1000 	C:\WINDOWS\WinSxS\amd64_microsoft.windows.common-controls_6595b64144ccf1df_6.0.26100.8972_none_3e0da176e32f9d4b\COMCTL32.dll
0x00007ffcb93c0000 - 0x00007ffcb93eb000 	C:\WINDOWS\System32\GDI32.dll
0x00007ffcbab30000 - 0x00007ffcbabd9000 	C:\WINDOWS\System32\msvcrt.dll
0x00007ffcb81b0000 - 0x00007ffcb82d9000 	C:\WINDOWS\System32\gdi32full.dll
0x00007ffcb86f0000 - 0x00007ffcb8793000 	C:\WINDOWS\System32\msvcp_win.dll
0x00007ffcb8d80000 - 0x00007ffcb8db2000 	C:\WINDOWS\System32\IMM32.DLL
0x00007ffcaed60000 - 0x00007ffcaed6c000 	C:\Program Files\Microsoft\jdk-17.0.18.8-hotspot\bin\vcruntime140_1.dll
0x00007ffc29a60000 - 0x00007ffc29ae9000 	C:\Program Files\Microsoft\jdk-17.0.18.8-hotspot\bin\msvcp140.dll
0x00007ffaeea60000 - 0x00007ffaef6da000 	C:\Program Files\Microsoft\jdk-17.0.18.8-hotspot\bin\server\jvm.dll
0x00007ffcba3c0000 - 0x00007ffcba47c000 	C:\WINDOWS\System32\ADVAPI32.dll
0x00007ffcba8e0000 - 0x00007ffcba98a000 	C:\WINDOWS\System32\sechost.dll
0x00007ffcba7c0000 - 0x00007ffcba8d8000 	C:\WINDOWS\System32\RPCRT4.dll
0x00007ffcbac40000 - 0x00007ffcbacc2000 	C:\WINDOWS\System32\WS2_32.dll
0x00007ffcb7de0000 - 0x00007ffcb7e3e000 	C:\WINDOWS\SYSTEM32\POWRPROF.dll
0x00007ffcb15d0000 - 0x00007ffcb15db000 	C:\WINDOWS\SYSTEM32\VERSION.dll
0x00007ffcb4570000 - 0x00007ffcb45a6000 	C:\WINDOWS\SYSTEM32\WINMM.dll
0x00007ffcb7dc0000 - 0x00007ffcb7dd5000 	C:\WINDOWS\SYSTEM32\UMPDC.dll
0x00007ffcb6ce0000 - 0x00007ffcb6cfb000 	C:\WINDOWS\SYSTEM32\kernel.appcore.dll
0x00007ffc82490000 - 0x00007ffc8249a000 	C:\Program Files\Microsoft\jdk-17.0.18.8-hotspot\bin\jimage.dll
0x00007ffcb56a0000 - 0x00007ffcb58e2000 	C:\WINDOWS\SYSTEM32\DBGHELP.DLL
0x00007ffcb8dc0000 - 0x00007ffcb9145000 	C:\WINDOWS\System32\combase.dll
0x00007ffcbacd0000 - 0x00007ffcbada9000 	C:\WINDOWS\System32\OLEAUT32.dll
0x00007ffc872b0000 - 0x00007ffc872eb000 	C:\WINDOWS\SYSTEM32\dbgcore.DLL
0x00007ffcb8030000 - 0x00007ffcb80dc000 	C:\WINDOWS\System32\bcryptPrimitives.dll
0x00007ffc30580000 - 0x00007ffc3058f000 	C:\Program Files\Microsoft\jdk-17.0.18.8-hotspot\bin\instrument.dll
0x00007ffc2ef80000 - 0x00007ffc2efa6000 	C:\Program Files\Microsoft\jdk-17.0.18.8-hotspot\bin\java.dll
0x00007ffc24cc0000 - 0x00007ffc24d96000 	C:\Program Files\Microsoft\jdk-17.0.18.8-hotspot\bin\jsvml.dll
0x00007ffcb95d0000 - 0x00007ffcb9d58000 	C:\WINDOWS\System32\SHELL32.dll
0x00007ffcb5ac0000 - 0x00007ffcb635b000 	C:\WINDOWS\SYSTEM32\windows.storage.dll
0x00007ffcba600000 - 0x00007ffcba6f9000 	C:\WINDOWS\System32\SHCORE.dll
0x00007ffcb8b70000 - 0x00007ffcb8bd6000 	C:\WINDOWS\System32\shlwapi.dll
0x00007ffcb7f50000 - 0x00007ffcb7f79000 	C:\WINDOWS\SYSTEM32\profapi.dll
0x00007ffc2e4c0000 - 0x00007ffc2e4d8000 	C:\Program Files\Microsoft\jdk-17.0.18.8-hotspot\bin\zip.dll
0x00007ffc2f040000 - 0x00007ffc2f05b000 	C:\Program Files\Microsoft\jdk-17.0.18.8-hotspot\bin\net.dll
0x00007ffcb08a0000 - 0x00007ffcb09c8000 	C:\WINDOWS\SYSTEM32\WINHTTP.dll
0x00007ffcb7270000 - 0x00007ffcb72dc000 	C:\WINDOWS\system32\mswsock.dll
0x00007ffc2ed30000 - 0x00007ffc2ed46000 	C:\Program Files\Microsoft\jdk-17.0.18.8-hotspot\bin\nio.dll
0x00007ffc73230000 - 0x00007ffc73240000 	C:\Program Files\Microsoft\jdk-17.0.18.8-hotspot\bin\verify.dll
0x00007ffc2b310000 - 0x00007ffc2b337000 	C:\Users\louis\.gradle\native\660c5614fbf4a5f2a75b1949f50a0caf5cd603558e7d8a26e50b933a0cfb79d1\windows-amd64\native-platform.dll
0x00007ffc288d0000 - 0x00007ffc28947000 	C:\Users\louis\.gradle\native\0.2.8\x86_64-windows-gnu\gradle-fileevents.dll
0x00007ffc72610000 - 0x00007ffc7261a000 	C:\Program Files\Microsoft\jdk-17.0.18.8-hotspot\bin\management.dll
0x00007ffc6f990000 - 0x00007ffc6f99c000 	C:\Program Files\Microsoft\jdk-17.0.18.8-hotspot\bin\management_ext.dll
0x00007ffcba340000 - 0x00007ffcba348000 	C:\WINDOWS\System32\PSAPI.DLL
0x00007ffcb6690000 - 0x00007ffcb66c3000 	C:\WINDOWS\SYSTEM32\IPHLPAPI.DLL
0x00007ffcb93f0000 - 0x00007ffcb93fa000 	C:\WINDOWS\System32\NSI.dll
0x00007ffcb0aa0000 - 0x00007ffcb0abd000 	C:\WINDOWS\SYSTEM32\dhcpcsvc6.DLL
0x00007ffcafc20000 - 0x00007ffcafc45000 	C:\WINDOWS\SYSTEM32\dhcpcsvc.DLL
0x00007ffcb66d0000 - 0x00007ffcb6828000 	C:\WINDOWS\SYSTEM32\DNSAPI.dll
0x00007ffcb7020000 - 0x00007ffcb702d000 	C:\WINDOWS\SYSTEM32\DSPARSE.dll
0x00007ffc56fe0000 - 0x00007ffc56fe9000 	C:\Program Files\Microsoft\jdk-17.0.18.8-hotspot\bin\extnet.dll
0x00007ffcb7690000 - 0x00007ffcb76ab000 	C:\WINDOWS\SYSTEM32\CRYPTSP.dll
0x00007ffcb6c40000 - 0x00007ffcb6c79000 	C:\WINDOWS\system32\rsaenh.dll
0x00007ffcb7320000 - 0x00007ffcb7352000 	C:\WINDOWS\SYSTEM32\USERENV.dll
0x00007ffcb7f20000 - 0x00007ffcb7f4a000 	C:\WINDOWS\SYSTEM32\bcrypt.dll
0x00007ffcb74d0000 - 0x00007ffcb74dc000 	C:\WINDOWS\SYSTEM32\CRYPTBASE.dll
0x00007ffc2f770000 - 0x00007ffc2f77e000 	C:\Program Files\Microsoft\jdk-17.0.18.8-hotspot\bin\sunmscapi.dll
0x00007ffcb87a0000 - 0x00007ffcb891e000 	C:\WINDOWS\System32\CRYPT32.dll
0x00007ffcb7800000 - 0x00007ffcb7830000 	C:\WINDOWS\SYSTEM32\ncrypt.dll
0x00007ffcb77b0000 - 0x00007ffcb77ef000 	C:\WINDOWS\SYSTEM32\NTASN1.dll
0x00007ffc8bfa0000 - 0x00007ffc8bfa8000 	C:\WINDOWS\system32\wshunix.dll
0x00007ffb2bf60000 - 0x00007ffb2c0f6000 	C:\Program Files\Microsoft\jdk-17.0.18.8-hotspot\bin\awt.dll
0x00007ffcb4a10000 - 0x00007ffcb4aaf000 	C:\WINDOWS\SYSTEM32\apphelp.dll
0x00007ffcb4c50000 - 0x00007ffcb4cf8000 	C:\WINDOWS\system32\uxtheme.dll
0x00007ffcba490000 - 0x00007ffcba5ed000 	C:\WINDOWS\System32\MSCTF.dll
0x00007ffcb8be0000 - 0x00007ffcb8d79000 	C:\WINDOWS\System32\ole32.dll
0x00007ffcb6e10000 - 0x00007ffcb6e46000 	C:\WINDOWS\SYSTEM32\ntmarta.dll

dbghelp: loaded successfully - version: 4.0.5 - missing functions: none
symbol engine: initialized successfully - sym options: 0x614 - pdb path: .;C:\Program Files\Microsoft\jdk-17.0.18.8-hotspot\bin;C:\WINDOWS\SYSTEM32;C:\WINDOWS\WinSxS\amd64_microsoft.windows.common-controls_6595b64144ccf1df_6.0.26100.8972_none_3e0da176e32f9d4b;C:\Program Files\Microsoft\jdk-17.0.18.8-hotspot\bin\server;C:\Users\louis\.gradle\native\660c5614fbf4a5f2a75b1949f50a0caf5cd603558e7d8a26e50b933a0cfb79d1\windows-amd64;C:\Users\louis\.gradle\native\0.2.8\x86_64-windows-gnu;C:\Users\louis\AppData\Local\Temp

VM Arguments:
jvm_args: --add-opens=java.base/java.lang=ALL-UNNAMED --add-opens=java.base/java.lang.invoke=ALL-UNNAMED --add-opens=java.base/java.util=ALL-UNNAMED --add-opens=java.prefs/java.util.prefs=ALL-UNNAMED --add-exports=jdk.compiler/com.sun.tools.javac.api=ALL-UNNAMED --add-exports=jdk.compiler/com.sun.tools.javac.util=ALL-UNNAMED --add-opens=java.base/java.util=ALL-UNNAMED --add-opens=java.prefs/java.util.prefs=ALL-UNNAMED --add-opens=java.base/java.nio.charset=ALL-UNNAMED --add-opens=java.base/java.net=ALL-UNNAMED --add-opens=java.base/java.util.concurrent=ALL-UNNAMED --add-opens=java.base/java.util.concurrent.atomic=ALL-UNNAMED --add-opens=java.xml/javax.xml.namespace=ALL-UNNAMED --add-opens=java.base/java.time=ALL-UNNAMED -Xmx1536m -Dfile.encoding=UTF-8 -Duser.country=GB -Duser.language=en -Duser.variant -javaagent:C:\Users\louis\.gradle\wrapper\dists\gradle-9.3.1-bin\23ovyewtku6u96viwx3xl3oks\gradle-9.3.1\lib\agents\gradle-instrumentation-agent-9.3.1.jar 
java_command: org.gradle.launcher.daemon.bootstrap.GradleDaemon 9.3.1
java_class_path (initial): C:\Users\louis\.gradle\wrapper\dists\gradle-9.3.1-bin\23ovyewtku6u96viwx3xl3oks\gradle-9.3.1\lib\gradle-daemon-main-9.3.1.jar
Launcher Type: SUN_STANDARD

[Global flags]
     intx CICompilerCount                          = 12                                        {product} {ergonomic}
     uint ConcGCThreads                            = 4                                         {product} {ergonomic}
     uint G1ConcRefinementThreads                  = 15                                        {product} {ergonomic}
   size_t G1HeapRegionSize                         = 1048576                                   {product} {ergonomic}
    uintx GCDrainStackTargetSize                   = 64                                        {product} {ergonomic}
   size_t InitialHeapSize                          = 1065353216                                {product} {ergonomic}
   size_t MarkStackSize                            = 4194304                                   {product} {ergonomic}
   size_t MaxHeapSize                              = 1610612736                                {product} {command line}
   size_t MaxNewSize                               = 965738496                                 {product} {ergonomic}
   size_t MinHeapDeltaBytes                        = 1048576                                   {product} {ergonomic}
   size_t MinHeapSize                              = 8388608                                   {product} {ergonomic}
    uintx NonNMethodCodeHeapSize                   = 7602480                                {pd product} {ergonomic}
    uintx NonProfiledCodeHeapSize                  = 122027880                              {pd product} {ergonomic}
    uintx ProfiledCodeHeapSize                     = 122027880                              {pd product} {ergonomic}
    uintx ReservedCodeCacheSize                    = 251658240                              {pd product} {ergonomic}
     bool SegmentedCodeCache                       = true                                      {product} {ergonomic}
   size_t SoftMaxHeapSize                          = 1610612736                             {manageable} {ergonomic}
     bool UseCompressedClassPointers               = true                           {product lp64_product} {ergonomic}
     bool UseCompressedOops                        = true                           {product lp64_product} {ergonomic}
     bool UseG1GC                                  = true                                      {product} {ergonomic}
     bool UseLargePagesIndividualAllocation        = false                                  {pd product} {ergonomic}

Logging:
Log output configuration:
 #0: stdout all=warning uptime,level,tags
 #1: stderr all=off uptime,level,tags

Environment Variables:
JAVA_HOME=C:\Program Files\Microsoft\jdk-17.0.18.8-hotspot\
CLASSPATH=E:\Documents\GitHub\cookbook\\gradle\wrapper\gradle-wrapper.jar
PATH=C:/Users/louis/.gemini/antigravity/bin;C:\Users\louis\AppData\Roaming\Antigravity\bin;C:\Program Files\NVIDIA GPU Computing Toolkit\CUDA\v13.2\bin\x64;C:\Program Files\NVIDIA GPU Computing Toolkit\CUDA\v13.2\bin;C:\Program Files\Microsoft\jdk-17.0.18.8-hotspot\bin;C:\Program Files\Python312\Scripts\;C:\Program Files\Python312\;C:\Program Files\NVIDIA GPU Computing Toolkit\CUDA\v13.0\bin\x64;C:\Program Files\NVIDIA GPU Computing Toolkit\CUDA\v13.0\bin;C:\Program Files\Python314\Scripts\;C:\Program Files\Python314\;C:\Program Files\Amazon Corretto\jdk1.8.0_472\bin;C:\Program Files\Eclipse Adoptium\jre-8.0.472.8-hotspot\bin;C:\WINDOWS\system32;C:\WINDOWS;C:\WINDOWS\System32\Wbem;C:\WINDOWS\System32\WindowsPowerShell\v1.0\;C:\WINDOWS\System32\OpenSSH\;C:\Program Files\Git\cmd;C:\Program Files\Microsoft VS Code\bin;C:\Program Files\cursor\resources\app\bin;C:\Program Files\dotnet\;C:\Program Files\NVIDIA Corporation\NVIDIA App\NvDLISR;C:\Program Files\nodejs\;C:\Program Files\GitHub CLI\;C:\Program Files (x86)\NVIDIA Corporation\PhysX\Common;C:\Program Files\PuTTY\;C:\Program Files\Tailscale\;C:\Program Files (x86)\cloudflared\;C:\Strawberry\c\bin;C:\Strawberry\perl\site\bin;C:\Strawberry\perl\bin;C:\Program Files\NVIDIA Corporation\Nsight Compute 2026.1.0\;C:\Program Files\Docker\Docker\resources\bin;C:\Users\louis\AppData\Local\hermes\hermes-agent\venv\Scripts;C:\Users\louis\.local\bin;C:\Users\louis\scoop\apps\imagemagick\current;C:\Users\louis\scoop\apps\1password-cli\current;C:\Users\louis\go\bin;C:\Users\louis\scoop\shims;C:\Users\louis\.cargo\bin;C:\Users\louis\AppData\Local\Microsoft\WindowsApps;C:\Users\louis\AppData\Roaming\npm;C:\Program Files\PostgreSQL\16\bin;C:\Users\louis\.lmstudio\bin;C:\Users\louis\AppData\Local\Programs\Ollama\ollama.exe;C:\Users\louis\AppData\Local\Programs\Ollama;C:\Users\louis\AppData\Local\Google\Cloud SDK\google-cloud-sdk\bin;C:\Users\louis\AppData\Local\GitHubDesktop\bin;C:\Users\louis\.dotnet\tools;C:\Users\louis\AppData\Local\Microsoft\WinGet\Packages\Ngrok.Ngrok_Microsoft.Winget.Source_8wekyb3d8bbwe;C:\Users\louis\AppData\Local\Microsoft\WinGet\Packages\Gyan.FFmpeg_Microsoft.Winget.Source_8wekyb3d8bbwe\ffmpeg-8.0.1-full_build\bin;C:\Users\louis\.local\\bin;C:\Users\louis\AppData\Local\Microsoft\WinGet\Packages\Google.PlatformTools_Microsoft.Winget.Source_8wekyb3d8bbwe\platform-tools;C:\Users\louis\AppData\Local\Microsoft\WinGet\Packages\SQLite.SQLite_Microsoft.Winget.Source_8wekyb3d8bbwe;;C:\Users\louis\AppData\Local\SpacetimeDB;C:\Program Files\Dolt\\bin;C:\Users\louis\AppData\Local\Programs\Antigravity\bin;C:\Users\louis\AppData\Local\Microsoft\WinGet\Packages\BurntSushi.ripgrep.MSVC_Microsoft.Winget.Source_8wekyb3d8bbwe\ripgrep-15.1.0-x86_64-pc-windows-msvc;C:\Users\louis\AppData\Local\Programs\Antigravity IDE\bin;C:\Users\louis\AppData\AndroidCLI;C:\Users\louis\.dotnet\tools
USERNAME=louis
OS=Windows_NT
PROCESSOR_IDENTIFIER=Intel64 Family 6 Model 198 Stepping 2, GenuineIntel
TMP=C:\Users\louis\AppData\Local\Temp
TEMP=C:\Users\louis\AppData\Local\Temp



Periodic native trim disabled


---------------  S Y S T E M  ---------------

OS:
 Windows 11 , 64 bit Build 26100 (10.0.26100.9168)
OS uptime: 4 days 6:13 hours
Hyper-V role detected

CPU: total 20 (initial active 20) (20 cores per cpu, 1 threads per core) family 6 model 198 stepping 2 microcode 0x114, cx8, cmov, fxsr, mmx, 3dnowpref, sse, sse2, sse3, ssse3, sse4.1, sse4.2, popcnt, lzcnt, tsc, tscinvbit, avx, avx2, aes, erms, clmul, bmi1, bmi2, adx, sha, fma, vzeroupper, clflush, clflushopt, clwb, hv
Processor Information for processor 0
  Max Mhz: 3900, Current Mhz: 3900, Mhz Limit: 3900
Processor Information for processor 1
  Max Mhz: 3900, Current Mhz: 3900, Mhz Limit: 3900
Processor Information for processor 2
  Max Mhz: 3300, Current Mhz: 3300, Mhz Limit: 3300
Processor Information for processor 3
  Max Mhz: 3300, Current Mhz: 3300, Mhz Limit: 3300
Processor Information for processor 4
  Max Mhz: 3300, Current Mhz: 3300, Mhz Limit: 3300
Processor Information for processor 5
  Max Mhz: 3300, Current Mhz: 3300, Mhz Limit: 3300
Processor Information for processor 6
  Max Mhz: 3900, Current Mhz: 3900, Mhz Limit: 3900
Processor Information for processor 7
  Max Mhz: 3900, Current Mhz: 3900, Mhz Limit: 3900
Processor Information for processor 8
  Max Mhz: 3900, Current Mhz: 3900, Mhz Limit: 3900
Processor Information for processor 9
  Max Mhz: 3900, Current Mhz: 3900, Mhz Limit: 3900
Processor Information for processor 10
  Max Mhz: 3300, Current Mhz: 3300, Mhz Limit: 3300
Processor Information for processor 11
  Max Mhz: 3300, Current Mhz: 3300, Mhz Limit: 3300
Processor Information for processor 12
  Max Mhz: 3300, Current Mhz: 3300, Mhz Limit: 3300
Processor Information for processor 13
  Max Mhz: 3300, Current Mhz: 3300, Mhz Limit: 3300
Processor Information for processor 14
  Max Mhz: 3300, Current Mhz: 3300, Mhz Limit: 3300
Processor Information for processor 15
  Max Mhz: 3300, Current Mhz: 3300, Mhz Limit: 3300
Processor Information for processor 16
  Max Mhz: 3300, Current Mhz: 3300, Mhz Limit: 3300
Processor Information for processor 17
  Max Mhz: 3300, Current Mhz: 3300, Mhz Limit: 3300
Processor Information for processor 18
  Max Mhz: 3900, Current Mhz: 3900, Mhz Limit: 3900
Processor Information for processor 19
  Max Mhz: 3900, Current Mhz: 3900, Mhz Limit: 3900

Memory: 4k page, system-wide physical 64978M (4169M free)
TotalPageFile size 97746M (AvailPageFile size 96M)
current process WorkingSet (physical memory assigned to process): 1159M, peak: 1166M
current process commit charge ("private bytes"): 1187M, peak: 1310M

vm_info: OpenJDK 64-Bit Server VM (17.0.18+8-LTS) for windows-amd64 JRE (17.0.18+8-LTS), built on Jan 15 2026 18:50:45 by "MicrosoftCorporation" with MS VC++ 17.14 (VS2022)

END.
