#
# There is insufficient memory for the Java Runtime Environment to continue.
# Native memory allocation (malloc) failed to allocate 1450736 bytes. Error detail: Chunk::new
# Possible reasons:
#   The system is out of physical RAM or swap space
#   This process is running with CompressedOops enabled, and the Java Heap may be blocking the growth of the native heap
# Possible solutions:
#   Reduce memory load on the system
#   Increase physical memory or swap space
#   Check if swap backing store is full
#   Decrease Java heap size (-Xmx/-Xms)
#   Decrease number of Java threads
#   Decrease Java thread stack sizes (-Xss)
#   Set larger code cache with -XX:ReservedCodeCacheSize=
#   JVM is running with Unscaled Compressed Oops mode in which the Java heap is
#     placed in the first 4GB address space. The Java Heap base address is the
#     maximum limit for the native heap growth. Please use -XX:HeapBaseMinAddress
#     to set the Java Heap base and to place the Java Heap above 4GB virtual address.
# This output file may be truncated or incomplete.
#
#  Out of Memory Error (arena.cpp:191), pid=276576, tid=225028
#
# JRE version: OpenJDK Runtime Environment Microsoft-13106358 (17.0.18+8) (build 17.0.18+8-LTS)
# Java VM: OpenJDK 64-Bit Server VM Microsoft-13106358 (17.0.18+8-LTS, mixed mode, sharing, tiered, compressed oops, compressed class ptrs, g1 gc, windows-amd64)
# No core dump will be written. Minidumps are not enabled by default on client versions of Windows
#

---------------  S U M M A R Y ------------

Command Line: --add-opens=java.base/java.lang=ALL-UNNAMED --add-opens=java.base/java.lang.invoke=ALL-UNNAMED --add-opens=java.base/java.util=ALL-UNNAMED --add-opens=java.prefs/java.util.prefs=ALL-UNNAMED --add-exports=jdk.compiler/com.sun.tools.javac.api=ALL-UNNAMED --add-exports=jdk.compiler/com.sun.tools.javac.util=ALL-UNNAMED --add-opens=java.base/java.util=ALL-UNNAMED --add-opens=java.prefs/java.util.prefs=ALL-UNNAMED --add-opens=java.base/java.nio.charset=ALL-UNNAMED --add-opens=java.base/java.net=ALL-UNNAMED --add-opens=java.base/java.util.concurrent=ALL-UNNAMED --add-opens=java.base/java.util.concurrent.atomic=ALL-UNNAMED --add-opens=java.xml/javax.xml.namespace=ALL-UNNAMED --add-opens=java.base/java.time=ALL-UNNAMED -XX:MaxMetaspaceSize=512m -Xmx2048m -Dfile.encoding=UTF-8 -Duser.country=GB -Duser.language=en -Duser.variant -javaagent:C:\Users\louis\.gradle\wrapper\dists\gradle-9.3.1-bin\23ovyewtku6u96viwx3xl3oks\gradle-9.3.1\lib\agents\gradle-instrumentation-agent-9.3.1.jar org.gradle.launcher.daemon.bootstrap.GradleDaemon 9.3.1

Host: Intel(R) Core(TM) Ultra 7 265K, 20 cores, 63G,  Windows 11 , 64 bit Build 26100 (10.0.26100.9168)
Time: Mon Aug 31 21:53:42 2026 GMT Summer Time elapsed time: 61.082409 seconds (0d 0h 1m 1s)

---------------  T H R E A D  ---------------

Current thread (0x000002620f1b17d0):  JavaThread "C2 CompilerThread3" daemon [_thread_in_native, id=225028, stack(0x0000007e23800000,0x0000007e23900000)]


Current CompileTask:
C2:61082 30275       4       org.jetbrains.kotlin.fir.resolve.transformers.FirCallCompletionResultsWriterTransformer::transformFunctionCall (491 bytes)

Stack: [0x0000007e23800000,0x0000007e23900000]
Native frames: (J=compiled Java code, j=interpreted, Vv=VM code, C=native code)
V  [jvm.dll+0x68c879]  (no source info available)
V  [jvm.dll+0x845979]  (no source info available)
V  [jvm.dll+0x8476e8]  (no source info available)
V  [jvm.dll+0x847d73]  (no source info available)
V  [jvm.dll+0x24cf6f]  (no source info available)
V  [jvm.dll+0xaecb6]  (no source info available)
V  [jvm.dll+0xaf35c]  (no source info available)
V  [jvm.dll+0x3716ff]  (no source info available)
V  [jvm.dll+0x33b985]  (no source info available)
V  [jvm.dll+0x33adea]  (no source info available)
V  [jvm.dll+0x21df29]  (no source info available)
V  [jvm.dll+0x21d36d]  (no source info available)
V  [jvm.dll+0x1a8ce6]  (no source info available)
V  [jvm.dll+0x22db1b]  (no source info available)
V  [jvm.dll+0x22bca6]  (no source info available)
V  [jvm.dll+0x7fbabb]  (no source info available)
V  [jvm.dll+0x7f5ebc]  (no source info available)
V  [jvm.dll+0x68de17]  (no source info available)
C  [ucrtbase.dll+0x2cd30]  (no source info available)
C  [KERNEL32.DLL+0x2ccb7]  (no source info available)
C  [ntdll.dll+0xaad6c]  (no source info available)


---------------  P R O C E S S  ---------------

Threads class SMR info:
_java_thread_list=0x000002626e2ca3b0, length=78, elements={
0x000002622878a3c0, 0x0000026247f26130, 0x0000026247f27820, 0x0000026247f3b640,
0x0000026247f3bb20, 0x0000026247f3c000, 0x0000026247f42380, 0x0000026247f4a710,
0x0000026247f62c50, 0x0000026247f67190, 0x00000262480645c0, 0x0000026248210cf0,
0x00000262685ddba0, 0x000002626a0a7020, 0x000002626a0b8170, 0x000002626a14ff00,
0x000002626a064510, 0x000002626a0635e0, 0x000002626a063af0, 0x000002626a066880,
0x000002626a066370, 0x000002626a065440, 0x000002626a064f30, 0x000002626a065e60,
0x000002626a065950, 0x000002626a066d90, 0x000002626a064000, 0x000002626a064a20,
0x000002626b0baf20, 0x000002626b0bb430, 0x000002626b0b9ff0, 0x000002626b0ba500,
0x000002626b0bb940, 0x000002626b0bc360, 0x000002626b0b8bb0, 0x000002626b0bbe50,
0x000002626b0bc870, 0x000002626b0b90c0, 0x000002626b0bcd80, 0x000002626b0b95d0,
0x000002626b0bd290, 0x000002626b0b9ae0, 0x000002626b0bdcb0, 0x000002626b0bfb10,
0x000002626b0c0530, 0x000002626b0be1c0, 0x000002626b0bd7a0, 0x000002626b0bf0f0,
0x000002626b0c0020, 0x000002626b0bebe0, 0x0000026248454b00, 0x0000026248455a30,
0x0000026248452ca0, 0x0000026248455f40, 0x00000262484531b0, 0x0000026248452790,
0x0000026248456e70, 0x00000262484536c0, 0x00000262484540e0, 0x00000262484545f0,
0x00000262484587c0, 0x0000026248458cd0, 0x0000026248457380, 0x0000026269a8afc0,
0x0000026269a8d330, 0x00000262483d82c0, 0x000002626f869490, 0x000002627c12e870,
0x000002626f23ba50, 0x000002626f23afb0, 0x000002626f23bfa0, 0x000002620f1ae800,
0x000002620f1af7f0, 0x000002620f1b17d0, 0x000002620f1b0d30, 0x000002620f1b2270,
0x000002620f1af2a0, 0x000002620f1aed50
}

Java Threads: ( => current thread )
  0x000002622878a3c0 JavaThread "main" [_thread_blocked, id=272020, stack(0x0000007e1d500000,0x0000007e1d600000)]
  0x0000026247f26130 JavaThread "Reference Handler" daemon [_thread_blocked, id=261544, stack(0x0000007e1dc00000,0x0000007e1dd00000)]
  0x0000026247f27820 JavaThread "Finalizer" daemon [_thread_blocked, id=267828, stack(0x0000007e1dd00000,0x0000007e1de00000)]
  0x0000026247f3b640 JavaThread "Signal Dispatcher" daemon [_thread_blocked, id=275004, stack(0x0000007e1de00000,0x0000007e1df00000)]
  0x0000026247f3bb20 JavaThread "Attach Listener" daemon [_thread_blocked, id=163276, stack(0x0000007e1df00000,0x0000007e1e000000)]
  0x0000026247f3c000 JavaThread "Service Thread" daemon [_thread_blocked, id=112796, stack(0x0000007e1e000000,0x0000007e1e100000)]
  0x0000026247f42380 JavaThread "Monitor Deflation Thread" daemon [_thread_blocked, id=271188, stack(0x0000007e1e100000,0x0000007e1e200000)]
  0x0000026247f4a710 JavaThread "C2 CompilerThread0" daemon [_thread_in_native, id=265044, stack(0x0000007e1e200000,0x0000007e1e300000)]
  0x0000026247f62c50 JavaThread "C1 CompilerThread0" daemon [_thread_blocked, id=272328, stack(0x0000007e1e300000,0x0000007e1e400000)]
  0x0000026247f67190 JavaThread "Sweeper thread" daemon [_thread_in_vm, id=276572, stack(0x0000007e1e400000,0x0000007e1e500000)]
  0x00000262480645c0 JavaThread "Common-Cleaner" daemon [_thread_blocked, id=268304, stack(0x0000007e1e500000,0x0000007e1e600000)]
  0x0000026248210cf0 JavaThread "Notification Thread" daemon [_thread_blocked, id=276140, stack(0x0000007e1e900000,0x0000007e1ea00000)]
  0x00000262685ddba0 JavaThread "Daemon health stats" [_thread_blocked, id=274724, stack(0x0000007e1ed00000,0x0000007e1ee00000)]
  0x000002626a0a7020 JavaThread "Incoming local TCP Connector on port 52532" [_thread_in_native, id=188768, stack(0x0000007e1eb00000,0x0000007e1ec00000)]
  0x000002626a0b8170 JavaThread "Daemon periodic checks" [_thread_blocked, id=234808, stack(0x0000007e1ec00000,0x0000007e1ed00000)]
  0x000002626a14ff00 JavaThread "Daemon" [_thread_blocked, id=231608, stack(0x0000007e1fd00000,0x0000007e1fe00000)]
  0x000002626a064510 JavaThread "Handler for socket connection from /127.0.0.1:52532 to /127.0.0.1:52533" [_thread_in_native, id=273880, stack(0x0000007e1fe00000,0x0000007e1ff00000)]
  0x000002626a0635e0 JavaThread "Cancel handler" [_thread_blocked, id=153540, stack(0x0000007e1ff00000,0x0000007e20000000)]
  0x000002626a063af0 JavaThread "Daemon worker" [_thread_blocked, id=39804, stack(0x0000007e20000000,0x0000007e20100000)]
  0x000002626a066880 JavaThread "Asynchronous log dispatcher for DefaultDaemonConnection: socket connection from /127.0.0.1:52532 to /127.0.0.1:52533" [_thread_blocked, id=274448, stack(0x0000007e20100000,0x0000007e20200000)]
  0x000002626a066370 JavaThread "Stdin handler" [_thread_blocked, id=274640, stack(0x0000007e20200000,0x0000007e20300000)]
  0x000002626a065440 JavaThread "Daemon client event forwarder" [_thread_blocked, id=274412, stack(0x0000007e20300000,0x0000007e20400000)]
  0x000002626a064f30 JavaThread "Cache worker for journal cache (C:\Users\louis\.gradle\caches\journal-1)" [_thread_blocked, id=274044, stack(0x0000007e20400000,0x0000007e20500000)]
  0x000002626a065e60 JavaThread "File lock request listener" [_thread_in_native, id=275512, stack(0x0000007e20500000,0x0000007e20600000)]
  0x000002626a065950 JavaThread "Cache worker for file hash cache (C:\Users\louis\.gradle\caches\9.3.1\fileHashes)" [_thread_blocked, id=272576, stack(0x0000007e20600000,0x0000007e20700000)]
  0x000002626a066d90 JavaThread "Cache worker for file hash cache (E:\Documents\GitHub\cookbook\.gradle\9.3.1\fileHashes)" [_thread_blocked, id=272800, stack(0x0000007e20a00000,0x0000007e20b00000)]
  0x000002626a064000 JavaThread "Cache worker for checksums cache (E:\Documents\GitHub\cookbook\.gradle\9.3.1\checksums)" [_thread_blocked, id=263548, stack(0x0000007e20b00000,0x0000007e20c00000)]
  0x000002626a064a20 JavaThread "Cache worker for Build Output Cleanup Cache (E:\Documents\GitHub\cookbook\.gradle\buildOutputCleanup)" [_thread_blocked, id=211272, stack(0x0000007e20c00000,0x0000007e20d00000)]
  0x000002626b0baf20 JavaThread "Cache worker for file content cache (C:\Users\louis\.gradle\caches\9.3.1\fileContent)" [_thread_blocked, id=268936, stack(0x0000007e21200000,0x0000007e21300000)]
  0x000002626b0bb430 JavaThread "File watcher server" daemon [_thread_in_native, id=275100, stack(0x0000007e20f00000,0x0000007e21000000)]
  0x000002626b0b9ff0 JavaThread "File watcher consumer" daemon [_thread_blocked, id=104804, stack(0x0000007e21000000,0x0000007e21100000)]
  0x000002626b0ba500 JavaThread "Cache worker for cache directory md-supplier (C:\Users\louis\.gradle\caches\9.3.1\md-supplier)" [_thread_blocked, id=23376, stack(0x0000007e20e00000,0x0000007e20f00000)]
  0x000002626b0bb940 JavaThread "Cache worker for cache directory md-rule (C:\Users\louis\.gradle\caches\9.3.1\md-rule)" [_thread_blocked, id=225204, stack(0x0000007e21100000,0x0000007e21200000)]
  0x000002626b0bc360 JavaThread "build event listener" [_thread_blocked, id=270824, stack(0x0000007e21300000,0x0000007e21400000)]
  0x000002626b0b8bb0 JavaThread "Build operations" [_thread_blocked, id=273924, stack(0x0000007e21400000,0x0000007e21500000)]
  0x000002626b0bbe50 JavaThread "Memory manager" [_thread_blocked, id=265276, stack(0x0000007e20d00000,0x0000007e20e00000)]
  0x000002626b0bc870 JavaThread "included builds" [_thread_blocked, id=231216, stack(0x0000007e21700000,0x0000007e21800000)]
  0x000002626b0b90c0 JavaThread "Execution worker" [_thread_blocked, id=264824, stack(0x0000007e21800000,0x0000007e21900000)]
  0x000002626b0bcd80 JavaThread "Cache worker for execution history cache (E:\Documents\GitHub\cookbook\.gradle\9.3.1\executionHistory)" [_thread_blocked, id=264544, stack(0x0000007e21900000,0x0000007e21a00000)]
  0x000002626b0b95d0 JavaThread "Unconstrained build operations" [_thread_blocked, id=276484, stack(0x0000007e21a00000,0x0000007e21b00000)]
  0x000002626b0bd290 JavaThread "Unconstrained build operations Thread 2" [_thread_blocked, id=277456, stack(0x0000007e21b00000,0x0000007e21c00000)]
  0x000002626b0b9ae0 JavaThread "Unconstrained build operations Thread 3" [_thread_blocked, id=269968, stack(0x0000007e21c00000,0x0000007e21d00000)]
  0x000002626b0bdcb0 JavaThread "Unconstrained build operations Thread 4" [_thread_blocked, id=269948, stack(0x0000007e21d00000,0x0000007e21e00000)]
  0x000002626b0bfb10 JavaThread "Unconstrained build operations Thread 5" [_thread_blocked, id=277112, stack(0x0000007e21e00000,0x0000007e21f00000)]
  0x000002626b0c0530 JavaThread "Unconstrained build operations Thread 6" [_thread_blocked, id=276800, stack(0x0000007e21500000,0x0000007e21600000)]
  0x000002626b0be1c0 JavaThread "WorkerExecutor Queue" [_thread_blocked, id=274204, stack(0x0000007e22100000,0x0000007e22200000)]
  0x000002626b0bd7a0 JavaThread "Unconstrained build operations Thread 7" [_thread_blocked, id=273256, stack(0x0000007e22000000,0x0000007e22100000)]
  0x000002626b0bf0f0 JavaThread "Unconstrained build operations Thread 8" [_thread_blocked, id=271076, stack(0x0000007e22200000,0x0000007e22300000)]
  0x000002626b0c0020 JavaThread "Java2D Disposer" daemon [_thread_blocked, id=276236, stack(0x0000007e22300000,0x0000007e22400000)]
  0x000002626b0bebe0 JavaThread "AWT-Windows" daemon [_thread_in_native, id=151588, stack(0x0000007e22500000,0x0000007e22600000)]
  0x0000026248454b00 JavaThread "Unconstrained build operations Thread 9" [_thread_blocked, id=261588, stack(0x0000007e21600000,0x0000007e21700000)]
  0x0000026248455a30 JavaThread "DefaultDispatcher-worker-1" daemon [_thread_blocked, id=275404, stack(0x0000007e1e800000,0x0000007e1e900000)]
  0x0000026248452ca0 JavaThread "DefaultDispatcher-worker-2" daemon [_thread_blocked, id=277228, stack(0x0000007e21f00000,0x0000007e22000000)]
  0x0000026248455f40 JavaThread "DefaultDispatcher-worker-3" daemon [_thread_blocked, id=172336, stack(0x0000007e22700000,0x0000007e22800000)]
  0x00000262484531b0 JavaThread "Unconstrained build operations Thread 10" [_thread_blocked, id=275616, stack(0x0000007e22800000,0x0000007e22900000)]
  0x0000026248452790 JavaThread "Unconstrained build operations Thread 11" [_thread_blocked, id=266116, stack(0x0000007e22400000,0x0000007e22500000)]
  0x0000026248456e70 JavaThread "Unconstrained build operations Thread 12" [_thread_blocked, id=259696, stack(0x0000007e22f00000,0x0000007e23000000)]
  0x00000262484536c0 JavaThread "Unconstrained build operations Thread 13" [_thread_blocked, id=275500, stack(0x0000007e23000000,0x0000007e23100000)]
  0x00000262484540e0 JavaThread "Unconstrained build operations Thread 14" [_thread_blocked, id=233236, stack(0x0000007e23100000,0x0000007e23200000)]
  0x00000262484545f0 JavaThread "Unconstrained build operations Thread 15" [_thread_blocked, id=272936, stack(0x0000007e23200000,0x0000007e23300000)]
  0x00000262484587c0 JavaThread "Periodic tasks thread" daemon [_thread_blocked, id=233920, stack(0x0000007e23300000,0x0000007e23400000)]
  0x0000026248458cd0 JavaThread "ApplicationImpl pooled thread 1" [_thread_blocked, id=269744, stack(0x0000007e23400000,0x0000007e23500000)]
  0x0000026248457380 JavaThread "ForkJoinPool.commonPool-worker-1" daemon [_thread_blocked, id=260992, stack(0x0000007e22b00000,0x0000007e22c00000)]
  0x0000026269a8afc0 JavaThread "ForkJoinPool.commonPool-worker-2" daemon [_thread_blocked, id=261848, stack(0x0000007e22600000,0x0000007e22700000)]
  0x0000026269a8d330 JavaThread "ForkJoinPool.commonPool-worker-3" daemon [_thread_blocked, id=275136, stack(0x0000007e22d00000,0x0000007e22e00000)]
  0x00000262483d82c0 JavaThread "Unconstrained build operations Thread 16" [_thread_blocked, id=221604, stack(0x0000007e23600000,0x0000007e23700000)]
  0x000002626f869490 JavaThread "WorkerExecutor Queue Thread 2" [_thread_blocked, id=267804, stack(0x0000007e22900000,0x0000007e22a00000)]
  0x000002627c12e870 JavaThread "pool-2-thread-1" [_thread_in_vm, id=237512, stack(0x0000007e22e00000,0x0000007e22f00000)]
  0x000002626f23ba50 JavaThread "C1 CompilerThread1" daemon [_thread_blocked, id=275592, stack(0x0000007e1e600000,0x0000007e1e700000)]
  0x000002626f23afb0 JavaThread "C1 CompilerThread2" daemon [_thread_blocked, id=277300, stack(0x0000007e1e700000,0x0000007e1e800000)]
  0x000002626f23bfa0 JavaThread "C1 CompilerThread3" daemon [_thread_blocked, id=276852, stack(0x0000007e1ee00000,0x0000007e1ef00000)]
  0x000002620f1ae800 JavaThread "C2 CompilerThread1" daemon [_thread_in_native, id=275408, stack(0x0000007e23500000,0x0000007e23600000)]
  0x000002620f1af7f0 JavaThread "C2 CompilerThread2" daemon [_thread_in_native, id=275672, stack(0x0000007e23700000,0x0000007e23800000)]
=>0x000002620f1b17d0 JavaThread "C2 CompilerThread3" daemon [_thread_in_native, id=225028, stack(0x0000007e23800000,0x0000007e23900000)]
  0x000002620f1b0d30 JavaThread "C2 CompilerThread4" daemon [_thread_in_native, id=275692, stack(0x0000007e23900000,0x0000007e23a00000)]
  0x000002620f1b2270 JavaThread "C2 CompilerThread5" daemon [_thread_in_native, id=231544, stack(0x0000007e23e00000,0x0000007e23f00000)]
  0x000002620f1af2a0 JavaThread "C2 CompilerThread6" daemon [_thread_in_native, id=237892, stack(0x0000007e23f00000,0x0000007e24000000)]
  0x000002620f1aed50 JavaThread "C2 CompilerThread7" daemon [_thread_in_native, id=224904, stack(0x0000007e24000000,0x0000007e24100000)]

Other Threads:
  0x0000026247f11010 VMThread "VM Thread" [stack: 0x0000007e1db00000,0x0000007e1dc00000] [id=218780]
  0x000002622878aef0 WatcherThread [stack: 0x0000007e1ea00000,0x0000007e1eb00000] [id=272856]
  0x0000026224f3e830 GCTaskThread "GC Thread#0" [stack: 0x0000007e1d600000,0x0000007e1d700000] [id=268496]
  0x000002624821b060 GCTaskThread "GC Thread#1" [stack: 0x0000007e1ef00000,0x0000007e1f000000] [id=272096]
  0x000002624821a520 GCTaskThread "GC Thread#2" [stack: 0x0000007e1f000000,0x0000007e1f100000] [id=106612]
  0x000002624821b8d0 GCTaskThread "GC Thread#3" [stack: 0x0000007e1f100000,0x0000007e1f200000] [id=257828]
  0x000002624821bba0 GCTaskThread "GC Thread#4" [stack: 0x0000007e1f200000,0x0000007e1f300000] [id=276960]
  0x000002624821be70 GCTaskThread "GC Thread#5" [stack: 0x0000007e1f300000,0x0000007e1f400000] [id=277408]
  0x000002624821a250 GCTaskThread "GC Thread#6" [stack: 0x0000007e1f400000,0x0000007e1f500000] [id=277176]
  0x0000026268911c60 GCTaskThread "GC Thread#7" [stack: 0x0000007e1f500000,0x0000007e1f600000] [id=98892]
  0x0000026268912d40 GCTaskThread "GC Thread#8" [stack: 0x0000007e1f600000,0x0000007e1f700000] [id=276112]
  0x0000026268911120 GCTaskThread "GC Thread#9" [stack: 0x0000007e1f700000,0x0000007e1f800000] [id=275412]
  0x0000026268912a70 GCTaskThread "GC Thread#10" [stack: 0x0000007e1f800000,0x0000007e1f900000] [id=272564]
  0x0000026268913010 GCTaskThread "GC Thread#11" [stack: 0x0000007e1f900000,0x0000007e1fa00000] [id=275308]
  0x00000262689143c0 GCTaskThread "GC Thread#12" [stack: 0x0000007e1fa00000,0x0000007e1fb00000] [id=234236]
  0x00000262689140f0 GCTaskThread "GC Thread#13" [stack: 0x0000007e1fb00000,0x0000007e1fc00000] [id=266460]
  0x0000026268911990 GCTaskThread "GC Thread#14" [stack: 0x0000007e1fc00000,0x0000007e1fd00000] [id=266508]
  0x0000026244b12010 ConcurrentGCThread "G1 Main Marker" [stack: 0x0000007e1d700000,0x0000007e1d800000] [id=270628]
  0x00000262287f2ae0 ConcurrentGCThread "G1 Conc#0" [stack: 0x0000007e1d800000,0x0000007e1d900000] [id=268408]
  0x00000262689135b0 ConcurrentGCThread "G1 Conc#1" [stack: 0x0000007e20700000,0x0000007e20800000] [id=266564]
  0x0000026268913b50 ConcurrentGCThread "G1 Conc#2" [stack: 0x0000007e20800000,0x0000007e20900000] [id=261424]
  0x0000026268914690 ConcurrentGCThread "G1 Conc#3" [stack: 0x0000007e20900000,0x0000007e20a00000] [id=252372]
  0x000002622882ecb0 ConcurrentGCThread "G1 Refine#0" [stack: 0x0000007e1d900000,0x0000007e1da00000] [id=271092]
  0x000002627e84f020 ConcurrentGCThread "G1 Refine#1" [stack: 0x0000007e23a00000,0x0000007e23b00000] [id=265300]
  0x000002627cf91680 ConcurrentGCThread "G1 Refine#2" [stack: 0x0000007e23b00000,0x0000007e23c00000] [id=267924]
  0x000002627c12db30 ConcurrentGCThread "G1 Refine#3" [stack: 0x0000007e23c00000,0x0000007e23d00000] [id=271980]
  0x000002626cffad90 ConcurrentGCThread "G1 Refine#4" [stack: 0x0000007e23d00000,0x0000007e23e00000] [id=277056]
  0x0000026244cc85b0 ConcurrentGCThread "G1 Service" [stack: 0x0000007e1da00000,0x0000007e1db00000] [id=268828]

Threads with active compile tasks:
C2 CompilerThread0  61153 30391       4       org.jetbrains.kotlin.fir.resolve.calls.stages.ArgumentCheckingProcessor::checkApplicabilityForArgumentType (394 bytes)
C2 CompilerThread1  61154 30415       4       org.jetbrains.kotlin.fir.types.ConeAttributes::add (183 bytes)
C2 CompilerThread2  61154 30420       4       org.jetbrains.kotlin.fir.types.TypeUtilsKt::withNullability (1442 bytes)
C2 CompilerThread3  61154 30275       4       org.jetbrains.kotlin.fir.resolve.transformers.FirCallCompletionResultsWriterTransformer::transformFunctionCall (491 bytes)
C2 CompilerThread4  61154 30422       4       org.jetbrains.kotlin.fir.resolve.transformers.body.resolve.FirExpressionsResolveTransformer::transformQualifiedAccessExpression (1031 bytes)
C2 CompilerThread5  61154 30414       4       org.jetbrains.kotlin.types.AbstractTypeChecker::isSubtypeForSameConstructor (543 bytes)
C2 CompilerThread6  61154 30430       4       org.jetbrains.kotlin.fir.declarations.DeprecationUtilsKt::extractDeprecationAnnotationInfoPerUseSite (1240 bytes)
C2 CompilerThread7  61154 30421       4       org.jetbrains.kotlin.fir.resolve.dfa.VariableStorage::get (505 bytes)

VM state: not at safepoint (normal execution)

VM Mutex/Monitor currently owned by a thread:  ([mutex/lock_event])
[0x0000026224eb8eb0] CodeCache_lock - owner thread: 0x000002620f1ae800
[0x0000026228786730] Compile_lock - owner thread: 0x0000000000000000

Heap address: 0x0000000080000000, size: 2048 MB, Compressed Oops mode: 32-bit

CDS archive(s) mapped at: [0x0000026249000000-0x0000026249bb0000-0x0000026249bb0000), size 12255232, SharedBaseAddress: 0x0000026249000000, ArchiveRelocationMode: 1.
Compressed class space mapped at: 0x000002624a000000-0x0000026264000000, reserved size: 436207616
Narrow klass base: 0x0000026249000000, Narrow klass shift: 0, Narrow klass range: 0x100000000

GC Precious Log:
 CPUs: 20 total, 20 available
 Memory: 64978M
 Large Page Support: Disabled
 NUMA Support: Disabled
 Compressed Oops: Enabled (32-bit)
 Heap Region Size: 1M
 Heap Min Capacity: 8M
 Heap Initial Capacity: 1016M
 Heap Max Capacity: 2G
 Pre-touch: Disabled
 Parallel Workers: 15
 Concurrent Workers: 4
 Concurrent Refinement Workers: 15
 Periodic GC: Disabled

Heap:
 garbage-first heap   total 454656K, used 375128K [0x0000000080000000, 0x0000000100000000)
  region size 1024K, 76 young (77824K), 6 survivors (6144K)
 Metaspace       used 182857K, committed 184128K, reserved 622592K
  class space    used 22331K, committed 22976K, reserved 425984K

Heap Regions: E=young(eden), S=young(survivor), O=old, HS=humongous(starts), HC=humongous(continues), CS=collection set, F=free, OA=open archive, CA=closed archive, TAMS=top-at-mark-start (previous, next)
|   0|0x0000000080000000, 0x0000000080100000, 0x0000000080100000|100%|HS|  |TAMS 0x0000000080100000, 0x0000000080000000| Complete 
|   1|0x0000000080100000, 0x0000000080200000, 0x0000000080200000|100%|HC|  |TAMS 0x0000000080200000, 0x0000000080100000| Complete 
|   2|0x0000000080200000, 0x0000000080300000, 0x0000000080300000|100%|HC|  |TAMS 0x0000000080300000, 0x0000000080200000| Complete 
|   3|0x0000000080300000, 0x0000000080400000, 0x0000000080400000|100%|HC|  |TAMS 0x0000000080400000, 0x0000000080300000| Complete 
|   4|0x0000000080400000, 0x0000000080500000, 0x0000000080500000|100%| O|  |TAMS 0x0000000080500000, 0x0000000080400000| Untracked 
|   5|0x0000000080500000, 0x0000000080600000, 0x0000000080600000|100%|HS|  |TAMS 0x0000000080600000, 0x0000000080500000| Complete 
|   6|0x0000000080600000, 0x0000000080700000, 0x0000000080700000|100%| O|  |TAMS 0x0000000080700000, 0x0000000080600000| Untracked 
|   7|0x0000000080700000, 0x0000000080800000, 0x0000000080800000|100%| O|  |TAMS 0x0000000080800000, 0x0000000080700000| Untracked 
|   8|0x0000000080800000, 0x0000000080900000, 0x0000000080900000|100%| O|  |TAMS 0x0000000080900000, 0x0000000080800000| Untracked 
|   9|0x0000000080900000, 0x0000000080a00000, 0x0000000080a00000|100%| O|  |TAMS 0x0000000080a00000, 0x0000000080900000| Untracked 
|  10|0x0000000080a00000, 0x0000000080b00000, 0x0000000080b00000|100%| O|  |TAMS 0x0000000080b00000, 0x0000000080a00000| Untracked 
|  11|0x0000000080b00000, 0x0000000080c00000, 0x0000000080c00000|100%| O|  |TAMS 0x0000000080c00000, 0x0000000080b00000| Untracked 
|  12|0x0000000080c00000, 0x0000000080d00000, 0x0000000080d00000|100%| O|  |TAMS 0x0000000080d00000, 0x0000000080c00000| Untracked 
|  13|0x0000000080d00000, 0x0000000080dc5a00, 0x0000000080e00000| 77%| O|  |TAMS 0x0000000080dc5a00, 0x0000000080d00000| Untracked 
|  14|0x0000000080e00000, 0x0000000080f00000, 0x0000000080f00000|100%| O|  |TAMS 0x0000000080f00000, 0x0000000080e00000| Untracked 
|  15|0x0000000080f00000, 0x0000000081000000, 0x0000000081000000|100%| O|  |TAMS 0x0000000081000000, 0x0000000080f00000| Untracked 
|  16|0x0000000081000000, 0x0000000081100000, 0x0000000081100000|100%| O|  |TAMS 0x0000000081100000, 0x0000000081000000| Untracked 
|  17|0x0000000081100000, 0x0000000081200000, 0x0000000081200000|100%| O|  |TAMS 0x0000000081200000, 0x0000000081100000| Untracked 
|  18|0x0000000081200000, 0x0000000081300000, 0x0000000081300000|100%| O|  |TAMS 0x0000000081300000, 0x0000000081200000| Untracked 
|  19|0x0000000081300000, 0x0000000081400000, 0x0000000081400000|100%| O|  |TAMS 0x0000000081400000, 0x0000000081300000| Untracked 
|  20|0x0000000081400000, 0x0000000081500000, 0x0000000081500000|100%| O|  |TAMS 0x0000000081500000, 0x0000000081400000| Untracked 
|  21|0x0000000081500000, 0x0000000081600000, 0x0000000081600000|100%| O|  |TAMS 0x0000000081600000, 0x0000000081500000| Untracked 
|  22|0x0000000081600000, 0x0000000081700000, 0x0000000081700000|100%| O|  |TAMS 0x0000000081700000, 0x0000000081600000| Untracked 
|  23|0x0000000081700000, 0x0000000081800000, 0x0000000081800000|100%| O|  |TAMS 0x0000000081800000, 0x0000000081700000| Untracked 
|  24|0x0000000081800000, 0x0000000081900000, 0x0000000081900000|100%|HS|  |TAMS 0x0000000081900000, 0x0000000081800000| Complete 
|  25|0x0000000081900000, 0x0000000081a00000, 0x0000000081a00000|100%|HS|  |TAMS 0x0000000081a00000, 0x0000000081900000| Complete 
|  26|0x0000000081a00000, 0x0000000081b00000, 0x0000000081b00000|100%|HS|  |TAMS 0x0000000081b00000, 0x0000000081a00000| Complete 
|  27|0x0000000081b00000, 0x0000000081c00000, 0x0000000081c00000|100%|HS|  |TAMS 0x0000000081c00000, 0x0000000081b00000| Complete 
|  28|0x0000000081c00000, 0x0000000081d00000, 0x0000000081d00000|100%|HC|  |TAMS 0x0000000081d00000, 0x0000000081c00000| Complete 
|  29|0x0000000081d00000, 0x0000000081e00000, 0x0000000081e00000|100%|HS|  |TAMS 0x0000000081e00000, 0x0000000081d00000| Complete 
|  30|0x0000000081e00000, 0x0000000081f00000, 0x0000000081f00000|100%|HS|  |TAMS 0x0000000081f00000, 0x0000000081e00000| Complete 
|  31|0x0000000081f00000, 0x0000000082000000, 0x0000000082000000|100%|HC|  |TAMS 0x0000000082000000, 0x0000000081f00000| Complete 
|  32|0x0000000082000000, 0x0000000082100000, 0x0000000082100000|100%| O|  |TAMS 0x0000000082100000, 0x0000000082000000| Untracked 
|  33|0x0000000082100000, 0x0000000082200000, 0x0000000082200000|100%| O|  |TAMS 0x0000000082200000, 0x0000000082100000| Untracked 
|  34|0x0000000082200000, 0x0000000082300000, 0x0000000082300000|100%| O|  |TAMS 0x0000000082300000, 0x0000000082200000| Untracked 
|  35|0x0000000082300000, 0x0000000082400000, 0x0000000082400000|100%| O|  |TAMS 0x0000000082400000, 0x0000000082300000| Untracked 
|  36|0x0000000082400000, 0x0000000082500000, 0x0000000082500000|100%| O|  |TAMS 0x0000000082500000, 0x0000000082400000| Untracked 
|  37|0x0000000082500000, 0x0000000082600000, 0x0000000082600000|100%| O|  |TAMS 0x0000000082600000, 0x0000000082500000| Untracked 
|  38|0x0000000082600000, 0x0000000082700000, 0x0000000082700000|100%| O|  |TAMS 0x0000000082700000, 0x0000000082600000| Untracked 
|  39|0x0000000082700000, 0x0000000082800000, 0x0000000082800000|100%| O|  |TAMS 0x0000000082800000, 0x0000000082700000| Untracked 
|  40|0x0000000082800000, 0x0000000082900000, 0x0000000082900000|100%| O|  |TAMS 0x0000000082900000, 0x0000000082800000| Untracked 
|  41|0x0000000082900000, 0x0000000082a00000, 0x0000000082a00000|100%| O|  |TAMS 0x0000000082a00000, 0x0000000082900000| Untracked 
|  42|0x0000000082a00000, 0x0000000082b00000, 0x0000000082b00000|100%| O|  |TAMS 0x0000000082b00000, 0x0000000082a00000| Untracked 
|  43|0x0000000082b00000, 0x0000000082c00000, 0x0000000082c00000|100%| O|  |TAMS 0x0000000082c00000, 0x0000000082b00000| Untracked 
|  44|0x0000000082c00000, 0x0000000082d00000, 0x0000000082d00000|100%| O|  |TAMS 0x0000000082d00000, 0x0000000082c00000| Untracked 
|  45|0x0000000082d00000, 0x0000000082e00000, 0x0000000082e00000|100%| O|  |TAMS 0x0000000082e00000, 0x0000000082d00000| Untracked 
|  46|0x0000000082e00000, 0x0000000082f00000, 0x0000000082f00000|100%| O|  |TAMS 0x0000000082f00000, 0x0000000082e00000| Untracked 
|  47|0x0000000082f00000, 0x0000000083000000, 0x0000000083000000|100%| O|  |TAMS 0x0000000083000000, 0x0000000082f00000| Untracked 
|  48|0x0000000083000000, 0x0000000083100000, 0x0000000083100000|100%|HS|  |TAMS 0x0000000083100000, 0x0000000083000000| Complete 
|  49|0x0000000083100000, 0x0000000083200000, 0x0000000083200000|100%|HS|  |TAMS 0x0000000083200000, 0x0000000083100000| Complete 
|  50|0x0000000083200000, 0x0000000083300000, 0x0000000083300000|100%|HS|  |TAMS 0x0000000083300000, 0x0000000083200000| Complete 
|  51|0x0000000083300000, 0x0000000083400000, 0x0000000083400000|100%|HC|  |TAMS 0x0000000083400000, 0x0000000083300000| Complete 
|  52|0x0000000083400000, 0x0000000083500000, 0x0000000083500000|100%|HC|  |TAMS 0x0000000083500000, 0x0000000083400000| Complete 
|  53|0x0000000083500000, 0x0000000083600000, 0x0000000083600000|100%|HC|  |TAMS 0x0000000083600000, 0x0000000083500000| Complete 
|  54|0x0000000083600000, 0x0000000083700000, 0x0000000083700000|100%|HC|  |TAMS 0x0000000083700000, 0x0000000083600000| Complete 
|  55|0x0000000083700000, 0x0000000083800000, 0x0000000083800000|100%| O|  |TAMS 0x0000000083800000, 0x0000000083700000| Untracked 
|  56|0x0000000083800000, 0x0000000083900000, 0x0000000083900000|100%| O|  |TAMS 0x0000000083900000, 0x0000000083800000| Untracked 
|  57|0x0000000083900000, 0x0000000083a00000, 0x0000000083a00000|100%| O|  |TAMS 0x0000000083a00000, 0x0000000083900000| Untracked 
|  58|0x0000000083a00000, 0x0000000083b00000, 0x0000000083b00000|100%| O|  |TAMS 0x0000000083b00000, 0x0000000083a00000| Untracked 
|  59|0x0000000083b00000, 0x0000000083c00000, 0x0000000083c00000|100%| O|  |TAMS 0x0000000083c00000, 0x0000000083b00000| Untracked 
|  60|0x0000000083c00000, 0x0000000083d00000, 0x0000000083d00000|100%| O|  |TAMS 0x0000000083d00000, 0x0000000083c00000| Untracked 
|  61|0x0000000083d00000, 0x0000000083e00000, 0x0000000083e00000|100%| O|  |TAMS 0x0000000083e00000, 0x0000000083d00000| Untracked 
|  62|0x0000000083e00000, 0x0000000083f00000, 0x0000000083f00000|100%| O|  |TAMS 0x0000000083f00000, 0x0000000083e00000| Untracked 
|  63|0x0000000083f00000, 0x0000000084000000, 0x0000000084000000|100%| O|  |TAMS 0x0000000084000000, 0x0000000083f00000| Untracked 
|  64|0x0000000084000000, 0x0000000084100000, 0x0000000084100000|100%| O|  |TAMS 0x0000000084100000, 0x0000000084000000| Untracked 
|  65|0x0000000084100000, 0x0000000084200000, 0x0000000084200000|100%| O|  |TAMS 0x0000000084200000, 0x0000000084100000| Untracked 
|  66|0x0000000084200000, 0x0000000084300000, 0x0000000084300000|100%| O|  |TAMS 0x0000000084300000, 0x0000000084200000| Untracked 
|  67|0x0000000084300000, 0x00000000843ffff8, 0x0000000084400000| 99%| O|  |TAMS 0x00000000843ffff8, 0x0000000084300000| Untracked 
|  68|0x0000000084400000, 0x0000000084500000, 0x0000000084500000|100%| O|  |TAMS 0x0000000084500000, 0x0000000084400000| Untracked 
|  69|0x0000000084500000, 0x0000000084600000, 0x0000000084600000|100%| O|  |TAMS 0x0000000084600000, 0x0000000084500000| Untracked 
|  70|0x0000000084600000, 0x0000000084700000, 0x0000000084700000|100%| O|  |TAMS 0x0000000084700000, 0x0000000084600000| Untracked 
|  71|0x0000000084700000, 0x0000000084800000, 0x0000000084800000|100%| O|  |TAMS 0x0000000084800000, 0x0000000084700000| Untracked 
|  72|0x0000000084800000, 0x0000000084900000, 0x0000000084900000|100%| O|  |TAMS 0x0000000084900000, 0x0000000084800000| Untracked 
|  73|0x0000000084900000, 0x0000000084a00000, 0x0000000084a00000|100%| O|  |TAMS 0x0000000084a00000, 0x0000000084900000| Untracked 
|  74|0x0000000084a00000, 0x0000000084b00000, 0x0000000084b00000|100%| O|  |TAMS 0x0000000084b00000, 0x0000000084a00000| Untracked 
|  75|0x0000000084b00000, 0x0000000084c00000, 0x0000000084c00000|100%| O|  |TAMS 0x0000000084c00000, 0x0000000084b00000| Untracked 
|  76|0x0000000084c00000, 0x0000000084d00000, 0x0000000084d00000|100%| O|  |TAMS 0x0000000084d00000, 0x0000000084c00000| Untracked 
|  77|0x0000000084d00000, 0x0000000084e00000, 0x0000000084e00000|100%| O|  |TAMS 0x0000000084e00000, 0x0000000084d00000| Untracked 
|  78|0x0000000084e00000, 0x0000000084f00000, 0x0000000084f00000|100%| O|  |TAMS 0x0000000084f00000, 0x0000000084e00000| Untracked 
|  79|0x0000000084f00000, 0x0000000085000000, 0x0000000085000000|100%| O|  |TAMS 0x0000000085000000, 0x0000000084f00000| Untracked 
|  80|0x0000000085000000, 0x0000000085100000, 0x0000000085100000|100%| O|  |TAMS 0x0000000085100000, 0x0000000085000000| Untracked 
|  81|0x0000000085100000, 0x0000000085200000, 0x0000000085200000|100%| O|  |TAMS 0x0000000085200000, 0x0000000085100000| Untracked 
|  82|0x0000000085200000, 0x0000000085300000, 0x0000000085300000|100%| O|  |TAMS 0x0000000085300000, 0x0000000085200000| Untracked 
|  83|0x0000000085300000, 0x0000000085400000, 0x0000000085400000|100%| O|  |TAMS 0x0000000085400000, 0x0000000085300000| Untracked 
|  84|0x0000000085400000, 0x0000000085500000, 0x0000000085500000|100%| O|  |TAMS 0x0000000085500000, 0x0000000085400000| Untracked 
|  85|0x0000000085500000, 0x0000000085600000, 0x0000000085600000|100%| O|  |TAMS 0x0000000085600000, 0x0000000085500000| Untracked 
|  86|0x0000000085600000, 0x0000000085700000, 0x0000000085700000|100%| O|  |TAMS 0x0000000085700000, 0x0000000085600000| Untracked 
|  87|0x0000000085700000, 0x0000000085800000, 0x0000000085800000|100%| O|  |TAMS 0x0000000085800000, 0x0000000085700000| Untracked 
|  88|0x0000000085800000, 0x0000000085900000, 0x0000000085900000|100%| O|  |TAMS 0x0000000085900000, 0x0000000085800000| Untracked 
|  89|0x0000000085900000, 0x0000000085a00000, 0x0000000085a00000|100%| O|  |TAMS 0x0000000085a00000, 0x0000000085900000| Untracked 
|  90|0x0000000085a00000, 0x0000000085b00000, 0x0000000085b00000|100%| O|  |TAMS 0x0000000085b00000, 0x0000000085a00000| Untracked 
|  91|0x0000000085b00000, 0x0000000085c00000, 0x0000000085c00000|100%| O|  |TAMS 0x0000000085c00000, 0x0000000085b00000| Untracked 
|  92|0x0000000085c00000, 0x0000000085d00000, 0x0000000085d00000|100%| O|  |TAMS 0x0000000085d00000, 0x0000000085c00000| Untracked 
|  93|0x0000000085d00000, 0x0000000085e00000, 0x0000000085e00000|100%| O|  |TAMS 0x0000000085e00000, 0x0000000085d00000| Untracked 
|  94|0x0000000085e00000, 0x0000000085f00000, 0x0000000085f00000|100%|HS|  |TAMS 0x0000000085f00000, 0x0000000085e00000| Complete 
|  95|0x0000000085f00000, 0x0000000086000000, 0x0000000086000000|100%| O|  |TAMS 0x0000000086000000, 0x0000000085f00000| Untracked 
|  96|0x0000000086000000, 0x0000000086100000, 0x0000000086100000|100%| O|  |TAMS 0x0000000086100000, 0x0000000086000000| Untracked 
|  97|0x0000000086100000, 0x0000000086200000, 0x0000000086200000|100%| O|  |TAMS 0x0000000086200000, 0x0000000086100000| Untracked 
|  98|0x0000000086200000, 0x0000000086300000, 0x0000000086300000|100%| O|  |TAMS 0x0000000086300000, 0x0000000086200000| Untracked 
|  99|0x0000000086300000, 0x0000000086400000, 0x0000000086400000|100%| O|  |TAMS 0x0000000086400000, 0x0000000086300000| Untracked 
| 100|0x0000000086400000, 0x0000000086500000, 0x0000000086500000|100%| O|  |TAMS 0x0000000086500000, 0x0000000086400000| Untracked 
| 101|0x0000000086500000, 0x0000000086600000, 0x0000000086600000|100%| O|  |TAMS 0x0000000086600000, 0x0000000086500000| Untracked 
| 102|0x0000000086600000, 0x0000000086700000, 0x0000000086700000|100%| O|  |TAMS 0x0000000086700000, 0x0000000086600000| Untracked 
| 103|0x0000000086700000, 0x0000000086800000, 0x0000000086800000|100%| O|  |TAMS 0x0000000086800000, 0x0000000086700000| Untracked 
| 104|0x0000000086800000, 0x0000000086900000, 0x0000000086900000|100%| O|  |TAMS 0x0000000086900000, 0x0000000086800000| Untracked 
| 105|0x0000000086900000, 0x0000000086a00000, 0x0000000086a00000|100%| O|  |TAMS 0x0000000086a00000, 0x0000000086900000| Untracked 
| 106|0x0000000086a00000, 0x0000000086b00000, 0x0000000086b00000|100%| O|  |TAMS 0x0000000086b00000, 0x0000000086a00000| Untracked 
| 107|0x0000000086b00000, 0x0000000086c00000, 0x0000000086c00000|100%| O|  |TAMS 0x0000000086c00000, 0x0000000086b00000| Untracked 
| 108|0x0000000086c00000, 0x0000000086d00000, 0x0000000086d00000|100%| O|  |TAMS 0x0000000086d00000, 0x0000000086c00000| Untracked 
| 109|0x0000000086d00000, 0x0000000086e00000, 0x0000000086e00000|100%| O|  |TAMS 0x0000000086e00000, 0x0000000086d00000| Untracked 
| 110|0x0000000086e00000, 0x0000000086f00000, 0x0000000086f00000|100%| O|  |TAMS 0x0000000086f00000, 0x0000000086e00000| Untracked 
| 111|0x0000000086f00000, 0x0000000087000000, 0x0000000087000000|100%| O|  |TAMS 0x0000000087000000, 0x0000000086f00000| Untracked 
| 112|0x0000000087000000, 0x0000000087100000, 0x0000000087100000|100%| O|  |TAMS 0x0000000087100000, 0x0000000087000000| Untracked 
| 113|0x0000000087100000, 0x0000000087200000, 0x0000000087200000|100%| O|  |TAMS 0x0000000087200000, 0x0000000087100000| Untracked 
| 114|0x0000000087200000, 0x0000000087300000, 0x0000000087300000|100%| O|  |TAMS 0x0000000087300000, 0x0000000087200000| Untracked 
| 115|0x0000000087300000, 0x0000000087400000, 0x0000000087400000|100%| O|  |TAMS 0x0000000087400000, 0x0000000087300000| Untracked 
| 116|0x0000000087400000, 0x0000000087500000, 0x0000000087500000|100%| O|  |TAMS 0x0000000087500000, 0x0000000087400000| Untracked 
| 117|0x0000000087500000, 0x0000000087600000, 0x0000000087600000|100%| O|  |TAMS 0x0000000087500000, 0x0000000087500000| Untracked 
| 118|0x0000000087600000, 0x0000000087700000, 0x0000000087700000|100%| O|  |TAMS 0x0000000087700000, 0x0000000087600000| Untracked 
| 119|0x0000000087700000, 0x0000000087800000, 0x0000000087800000|100%| O|  |TAMS 0x0000000087800000, 0x0000000087700000| Untracked 
| 120|0x0000000087800000, 0x0000000087900000, 0x0000000087900000|100%| O|  |TAMS 0x0000000087900000, 0x0000000087800000| Untracked 
| 121|0x0000000087900000, 0x0000000087a00000, 0x0000000087a00000|100%| O|  |TAMS 0x0000000087a00000, 0x0000000087900000| Untracked 
| 122|0x0000000087a00000, 0x0000000087b00000, 0x0000000087b00000|100%| O|  |TAMS 0x0000000087b00000, 0x0000000087a00000| Untracked 
| 123|0x0000000087b00000, 0x0000000087c00000, 0x0000000087c00000|100%| O|  |TAMS 0x0000000087c00000, 0x0000000087b00000| Untracked 
| 124|0x0000000087c00000, 0x0000000087d00000, 0x0000000087d00000|100%| O|  |TAMS 0x0000000087d00000, 0x0000000087c00000| Untracked 
| 125|0x0000000087d00000, 0x0000000087e00000, 0x0000000087e00000|100%| O|  |TAMS 0x0000000087e00000, 0x0000000087d00000| Untracked 
| 126|0x0000000087e00000, 0x0000000087f00000, 0x0000000087f00000|100%| O|  |TAMS 0x0000000087f00000, 0x0000000087e00000| Untracked 
| 127|0x0000000087f00000, 0x0000000088000000, 0x0000000088000000|100%| O|  |TAMS 0x0000000088000000, 0x0000000087f00000| Untracked 
| 128|0x0000000088000000, 0x0000000088100000, 0x0000000088100000|100%| O|  |TAMS 0x0000000088100000, 0x0000000088000000| Untracked 
| 129|0x0000000088100000, 0x0000000088200000, 0x0000000088200000|100%| O|  |TAMS 0x0000000088200000, 0x0000000088100000| Untracked 
| 130|0x0000000088200000, 0x0000000088300000, 0x0000000088300000|100%| O|  |TAMS 0x0000000088300000, 0x0000000088200000| Untracked 
| 131|0x0000000088300000, 0x0000000088400000, 0x0000000088400000|100%| O|  |TAMS 0x0000000088400000, 0x0000000088300000| Untracked 
| 132|0x0000000088400000, 0x0000000088500000, 0x0000000088500000|100%| O|  |TAMS 0x0000000088500000, 0x0000000088400000| Untracked 
| 133|0x0000000088500000, 0x0000000088600000, 0x0000000088600000|100%| O|  |TAMS 0x0000000088600000, 0x0000000088500000| Untracked 
| 134|0x0000000088600000, 0x0000000088700000, 0x0000000088700000|100%| O|  |TAMS 0x0000000088700000, 0x0000000088600000| Untracked 
| 135|0x0000000088700000, 0x0000000088800000, 0x0000000088800000|100%| O|  |TAMS 0x0000000088800000, 0x0000000088700000| Untracked 
| 136|0x0000000088800000, 0x0000000088900000, 0x0000000088900000|100%| O|  |TAMS 0x0000000088900000, 0x0000000088800000| Untracked 
| 137|0x0000000088900000, 0x0000000088a00000, 0x0000000088a00000|100%| O|  |TAMS 0x0000000088a00000, 0x0000000088900000| Untracked 
| 138|0x0000000088a00000, 0x0000000088b00000, 0x0000000088b00000|100%| O|  |TAMS 0x0000000088b00000, 0x0000000088a00000| Untracked 
| 139|0x0000000088b00000, 0x0000000088c00000, 0x0000000088c00000|100%| O|  |TAMS 0x0000000088c00000, 0x0000000088b00000| Untracked 
| 140|0x0000000088c00000, 0x0000000088d00000, 0x0000000088d00000|100%| O|  |TAMS 0x0000000088d00000, 0x0000000088c00000| Untracked 
| 141|0x0000000088d00000, 0x0000000088e00000, 0x0000000088e00000|100%| O|  |TAMS 0x0000000088e00000, 0x0000000088d00000| Untracked 
| 142|0x0000000088e00000, 0x0000000088f00000, 0x0000000088f00000|100%| O|  |TAMS 0x0000000088f00000, 0x0000000088e00000| Untracked 
| 143|0x0000000088f00000, 0x0000000089000000, 0x0000000089000000|100%| O|  |TAMS 0x0000000089000000, 0x0000000088f00000| Untracked 
| 144|0x0000000089000000, 0x0000000089100000, 0x0000000089100000|100%| O|  |TAMS 0x0000000089100000, 0x0000000089000000| Untracked 
| 145|0x0000000089100000, 0x0000000089200000, 0x0000000089200000|100%| O|  |TAMS 0x0000000089200000, 0x0000000089100000| Untracked 
| 146|0x0000000089200000, 0x0000000089300000, 0x0000000089300000|100%| O|  |TAMS 0x0000000089300000, 0x0000000089200000| Untracked 
| 147|0x0000000089300000, 0x0000000089400000, 0x0000000089400000|100%| O|  |TAMS 0x0000000089400000, 0x0000000089300000| Untracked 
| 148|0x0000000089400000, 0x0000000089500000, 0x0000000089500000|100%| O|  |TAMS 0x0000000089500000, 0x0000000089400000| Untracked 
| 149|0x0000000089500000, 0x0000000089600000, 0x0000000089600000|100%| O|  |TAMS 0x0000000089600000, 0x0000000089500000| Untracked 
| 150|0x0000000089600000, 0x0000000089700000, 0x0000000089700000|100%| O|  |TAMS 0x0000000089700000, 0x0000000089600000| Untracked 
| 151|0x0000000089700000, 0x0000000089800000, 0x0000000089800000|100%| O|  |TAMS 0x0000000089800000, 0x0000000089700000| Untracked 
| 152|0x0000000089800000, 0x0000000089900000, 0x0000000089900000|100%| O|  |TAMS 0x0000000089900000, 0x0000000089800000| Untracked 
| 153|0x0000000089900000, 0x0000000089a00000, 0x0000000089a00000|100%| O|  |TAMS 0x0000000089a00000, 0x0000000089900000| Untracked 
| 154|0x0000000089a00000, 0x0000000089b00000, 0x0000000089b00000|100%| O|  |TAMS 0x0000000089b00000, 0x0000000089a00000| Untracked 
| 155|0x0000000089b00000, 0x0000000089c00000, 0x0000000089c00000|100%| O|  |TAMS 0x0000000089c00000, 0x0000000089b00000| Untracked 
| 156|0x0000000089c00000, 0x0000000089d00000, 0x0000000089d00000|100%| O|  |TAMS 0x0000000089d00000, 0x0000000089c00000| Untracked 
| 157|0x0000000089d00000, 0x0000000089e00000, 0x0000000089e00000|100%| O|  |TAMS 0x0000000089e00000, 0x0000000089d00000| Untracked 
| 158|0x0000000089e00000, 0x0000000089f00000, 0x0000000089f00000|100%| O|  |TAMS 0x0000000089f00000, 0x0000000089e00000| Untracked 
| 159|0x0000000089f00000, 0x000000008a000000, 0x000000008a000000|100%| O|  |TAMS 0x000000008a000000, 0x0000000089f00000| Untracked 
| 160|0x000000008a000000, 0x000000008a100000, 0x000000008a100000|100%|HS|  |TAMS 0x000000008a100000, 0x000000008a000000| Complete 
| 161|0x000000008a100000, 0x000000008a200000, 0x000000008a200000|100%|HC|  |TAMS 0x000000008a200000, 0x000000008a100000| Complete 
| 162|0x000000008a200000, 0x000000008a300000, 0x000000008a300000|100%|HC|  |TAMS 0x000000008a300000, 0x000000008a200000| Complete 
| 163|0x000000008a300000, 0x000000008a400000, 0x000000008a400000|100%| O|  |TAMS 0x000000008a400000, 0x000000008a300000| Untracked 
| 164|0x000000008a400000, 0x000000008a500000, 0x000000008a500000|100%| O|  |TAMS 0x000000008a500000, 0x000000008a400000| Untracked 
| 165|0x000000008a500000, 0x000000008a600000, 0x000000008a600000|100%| O|  |TAMS 0x000000008a600000, 0x000000008a500000| Untracked 
| 166|0x000000008a600000, 0x000000008a700000, 0x000000008a700000|100%| O|  |TAMS 0x000000008a700000, 0x000000008a600000| Untracked 
| 167|0x000000008a700000, 0x000000008a800000, 0x000000008a800000|100%| O|  |TAMS 0x000000008a800000, 0x000000008a700000| Untracked 
| 168|0x000000008a800000, 0x000000008a900000, 0x000000008a900000|100%| O|  |TAMS 0x000000008a900000, 0x000000008a800000| Untracked 
| 169|0x000000008a900000, 0x000000008aa00000, 0x000000008aa00000|100%| O|  |TAMS 0x000000008aa00000, 0x000000008a900000| Untracked 
| 170|0x000000008aa00000, 0x000000008ab00000, 0x000000008ab00000|100%| O|  |TAMS 0x000000008ab00000, 0x000000008aa00000| Untracked 
| 171|0x000000008ab00000, 0x000000008ac00000, 0x000000008ac00000|100%| O|  |TAMS 0x000000008ac00000, 0x000000008ab00000| Untracked 
| 172|0x000000008ac00000, 0x000000008ad00000, 0x000000008ad00000|100%| O|  |TAMS 0x000000008ad00000, 0x000000008ac00000| Untracked 
| 173|0x000000008ad00000, 0x000000008ae00000, 0x000000008ae00000|100%| O|  |TAMS 0x000000008ae00000, 0x000000008ad00000| Untracked 
| 174|0x000000008ae00000, 0x000000008af00000, 0x000000008af00000|100%| O|  |TAMS 0x000000008af00000, 0x000000008ae00000| Untracked 
| 175|0x000000008af00000, 0x000000008b000000, 0x000000008b000000|100%| O|  |TAMS 0x000000008b000000, 0x000000008af00000| Untracked 
| 176|0x000000008b000000, 0x000000008b100000, 0x000000008b100000|100%| O|  |TAMS 0x000000008b100000, 0x000000008b000000| Untracked 
| 177|0x000000008b100000, 0x000000008b200000, 0x000000008b200000|100%| O|  |TAMS 0x000000008b200000, 0x000000008b100000| Untracked 
| 178|0x000000008b200000, 0x000000008b300000, 0x000000008b300000|100%| O|  |TAMS 0x000000008b300000, 0x000000008b200000| Untracked 
| 179|0x000000008b300000, 0x000000008b400000, 0x000000008b400000|100%| O|  |TAMS 0x000000008b400000, 0x000000008b300000| Untracked 
| 180|0x000000008b400000, 0x000000008b500000, 0x000000008b500000|100%| O|  |TAMS 0x000000008b500000, 0x000000008b400000| Untracked 
| 181|0x000000008b500000, 0x000000008b600000, 0x000000008b600000|100%| O|  |TAMS 0x000000008b600000, 0x000000008b500000| Untracked 
| 182|0x000000008b600000, 0x000000008b700000, 0x000000008b700000|100%| O|  |TAMS 0x000000008b700000, 0x000000008b600000| Untracked 
| 183|0x000000008b700000, 0x000000008b800000, 0x000000008b800000|100%| O|  |TAMS 0x000000008b800000, 0x000000008b700000| Untracked 
| 184|0x000000008b800000, 0x000000008b900000, 0x000000008b900000|100%| O|  |TAMS 0x000000008b900000, 0x000000008b800000| Untracked 
| 185|0x000000008b900000, 0x000000008ba00000, 0x000000008ba00000|100%| O|  |TAMS 0x000000008ba00000, 0x000000008b900000| Untracked 
| 186|0x000000008ba00000, 0x000000008bb00000, 0x000000008bb00000|100%| O|  |TAMS 0x000000008bb00000, 0x000000008ba00000| Untracked 
| 187|0x000000008bb00000, 0x000000008bc00000, 0x000000008bc00000|100%| O|  |TAMS 0x000000008bc00000, 0x000000008bb00000| Untracked 
| 188|0x000000008bc00000, 0x000000008bd00000, 0x000000008bd00000|100%| O|  |TAMS 0x000000008bd00000, 0x000000008bc00000| Untracked 
| 189|0x000000008bd00000, 0x000000008be00000, 0x000000008be00000|100%| O|  |TAMS 0x000000008be00000, 0x000000008bd00000| Untracked 
| 190|0x000000008be00000, 0x000000008bf00000, 0x000000008bf00000|100%| O|  |TAMS 0x000000008bf00000, 0x000000008be00000| Untracked 
| 191|0x000000008bf00000, 0x000000008c000000, 0x000000008c000000|100%| O|  |TAMS 0x000000008c000000, 0x000000008bf00000| Untracked 
| 192|0x000000008c000000, 0x000000008c100000, 0x000000008c100000|100%| O|  |TAMS 0x000000008c000000, 0x000000008c000000| Untracked 
| 193|0x000000008c100000, 0x000000008c200000, 0x000000008c200000|100%|HS|  |TAMS 0x000000008c200000, 0x000000008c100000| Complete 
| 194|0x000000008c200000, 0x000000008c300000, 0x000000008c300000|100%| O|  |TAMS 0x000000008c300000, 0x000000008c200000| Untracked 
| 195|0x000000008c300000, 0x000000008c400000, 0x000000008c400000|100%| O|  |TAMS 0x000000008c400000, 0x000000008c300000| Untracked 
| 196|0x000000008c400000, 0x000000008c500000, 0x000000008c500000|100%| O|  |TAMS 0x000000008c500000, 0x000000008c400000| Untracked 
| 197|0x000000008c500000, 0x000000008c600000, 0x000000008c600000|100%| O|  |TAMS 0x000000008c600000, 0x000000008c500000| Untracked 
| 198|0x000000008c600000, 0x000000008c700000, 0x000000008c700000|100%| O|  |TAMS 0x000000008c700000, 0x000000008c600000| Untracked 
| 199|0x000000008c700000, 0x000000008c800000, 0x000000008c800000|100%| O|  |TAMS 0x000000008c800000, 0x000000008c700000| Untracked 
| 200|0x000000008c800000, 0x000000008c900000, 0x000000008c900000|100%| O|  |TAMS 0x000000008c900000, 0x000000008c800000| Untracked 
| 201|0x000000008c900000, 0x000000008ca00000, 0x000000008ca00000|100%| O|  |TAMS 0x000000008ca00000, 0x000000008c900000| Untracked 
| 202|0x000000008ca00000, 0x000000008cb00000, 0x000000008cb00000|100%| O|  |TAMS 0x000000008cb00000, 0x000000008ca00000| Untracked 
| 203|0x000000008cb00000, 0x000000008cc00000, 0x000000008cc00000|100%| O|  |TAMS 0x000000008cc00000, 0x000000008cb00000| Untracked 
| 204|0x000000008cc00000, 0x000000008cd00000, 0x000000008cd00000|100%| O|  |TAMS 0x000000008cd00000, 0x000000008cc00000| Untracked 
| 205|0x000000008cd00000, 0x000000008ce00000, 0x000000008ce00000|100%| O|  |TAMS 0x000000008ce00000, 0x000000008cd00000| Untracked 
| 206|0x000000008ce00000, 0x000000008cf00000, 0x000000008cf00000|100%| O|  |TAMS 0x000000008cf00000, 0x000000008ce00000| Untracked 
| 207|0x000000008cf00000, 0x000000008d000000, 0x000000008d000000|100%| O|  |TAMS 0x000000008d000000, 0x000000008cf00000| Untracked 
| 208|0x000000008d000000, 0x000000008d100000, 0x000000008d100000|100%| O|  |TAMS 0x000000008d100000, 0x000000008d000000| Untracked 
| 209|0x000000008d100000, 0x000000008d200000, 0x000000008d200000|100%| O|  |TAMS 0x000000008d200000, 0x000000008d100000| Untracked 
| 210|0x000000008d200000, 0x000000008d300000, 0x000000008d300000|100%| O|  |TAMS 0x000000008d300000, 0x000000008d200000| Untracked 
| 211|0x000000008d300000, 0x000000008d400000, 0x000000008d400000|100%| O|  |TAMS 0x000000008d400000, 0x000000008d300000| Untracked 
| 212|0x000000008d400000, 0x000000008d500000, 0x000000008d500000|100%| O|  |TAMS 0x000000008d500000, 0x000000008d400000| Untracked 
| 213|0x000000008d500000, 0x000000008d600000, 0x000000008d600000|100%| O|  |TAMS 0x000000008d600000, 0x000000008d500000| Untracked 
| 214|0x000000008d600000, 0x000000008d700000, 0x000000008d700000|100%| O|  |TAMS 0x000000008d700000, 0x000000008d600000| Untracked 
| 215|0x000000008d700000, 0x000000008d800000, 0x000000008d800000|100%| O|  |TAMS 0x000000008d800000, 0x000000008d700000| Untracked 
| 216|0x000000008d800000, 0x000000008d900000, 0x000000008d900000|100%| O|  |TAMS 0x000000008d900000, 0x000000008d800000| Untracked 
| 217|0x000000008d900000, 0x000000008da00000, 0x000000008da00000|100%| O|  |TAMS 0x000000008da00000, 0x000000008d900000| Untracked 
| 218|0x000000008da00000, 0x000000008db00000, 0x000000008db00000|100%| O|  |TAMS 0x000000008db00000, 0x000000008da00000| Untracked 
| 219|0x000000008db00000, 0x000000008dc00000, 0x000000008dc00000|100%| O|  |TAMS 0x000000008db00000, 0x000000008db00000| Untracked 
| 220|0x000000008dc00000, 0x000000008dd00000, 0x000000008dd00000|100%| O|  |TAMS 0x000000008dd00000, 0x000000008dc00000| Untracked 
| 221|0x000000008dd00000, 0x000000008de00000, 0x000000008de00000|100%| O|  |TAMS 0x000000008de00000, 0x000000008dd00000| Untracked 
| 222|0x000000008de00000, 0x000000008df00000, 0x000000008df00000|100%| O|  |TAMS 0x000000008df00000, 0x000000008de00000| Untracked 
| 223|0x000000008df00000, 0x000000008e000000, 0x000000008e000000|100%| O|  |TAMS 0x000000008e000000, 0x000000008df00000| Untracked 
| 224|0x000000008e000000, 0x000000008e100000, 0x000000008e100000|100%| O|  |TAMS 0x000000008e100000, 0x000000008e000000| Untracked 
| 225|0x000000008e100000, 0x000000008e200000, 0x000000008e200000|100%| O|  |TAMS 0x000000008e200000, 0x000000008e100000| Untracked 
| 226|0x000000008e200000, 0x000000008e300000, 0x000000008e300000|100%| O|  |TAMS 0x000000008e300000, 0x000000008e200000| Untracked 
| 227|0x000000008e300000, 0x000000008e400000, 0x000000008e400000|100%| O|  |TAMS 0x000000008e400000, 0x000000008e300000| Untracked 
| 228|0x000000008e400000, 0x000000008e500000, 0x000000008e500000|100%| O|  |TAMS 0x000000008e500000, 0x000000008e400000| Untracked 
| 229|0x000000008e500000, 0x000000008e600000, 0x000000008e600000|100%| O|  |TAMS 0x000000008e600000, 0x000000008e500000| Untracked 
| 230|0x000000008e600000, 0x000000008e700000, 0x000000008e700000|100%| O|  |TAMS 0x000000008e700000, 0x000000008e600000| Untracked 
| 231|0x000000008e700000, 0x000000008e800000, 0x000000008e800000|100%| O|  |TAMS 0x000000008e800000, 0x000000008e700000| Untracked 
| 232|0x000000008e800000, 0x000000008e900000, 0x000000008e900000|100%| O|  |TAMS 0x000000008e900000, 0x000000008e800000| Untracked 
| 233|0x000000008e900000, 0x000000008ea00000, 0x000000008ea00000|100%| O|  |TAMS 0x000000008ea00000, 0x000000008e900000| Untracked 
| 234|0x000000008ea00000, 0x000000008eb00000, 0x000000008eb00000|100%| O|  |TAMS 0x000000008eb00000, 0x000000008ea00000| Untracked 
| 235|0x000000008eb00000, 0x000000008ec00000, 0x000000008ec00000|100%| O|  |TAMS 0x000000008ec00000, 0x000000008eb00000| Untracked 
| 236|0x000000008ec00000, 0x000000008ed00000, 0x000000008ed00000|100%| O|  |TAMS 0x000000008ec00000, 0x000000008ec00000| Untracked 
| 237|0x000000008ed00000, 0x000000008ee00000, 0x000000008ee00000|100%| O|  |TAMS 0x000000008ed00000, 0x000000008ed00000| Untracked 
| 238|0x000000008ee00000, 0x000000008ef00000, 0x000000008ef00000|100%| O|  |TAMS 0x000000008ef00000, 0x000000008ee00000| Untracked 
| 239|0x000000008ef00000, 0x000000008f000000, 0x000000008f000000|100%| O|  |TAMS 0x000000008f000000, 0x000000008ef00000| Untracked 
| 240|0x000000008f000000, 0x000000008f100000, 0x000000008f100000|100%| O|  |TAMS 0x000000008f100000, 0x000000008f000000| Untracked 
| 241|0x000000008f100000, 0x000000008f200000, 0x000000008f200000|100%| O|  |TAMS 0x000000008f200000, 0x000000008f100000| Untracked 
| 242|0x000000008f200000, 0x000000008f300000, 0x000000008f300000|100%| O|  |TAMS 0x000000008f300000, 0x000000008f200000| Untracked 
| 243|0x000000008f300000, 0x000000008f400000, 0x000000008f400000|100%| O|  |TAMS 0x000000008f400000, 0x000000008f300000| Untracked 
| 244|0x000000008f400000, 0x000000008f500000, 0x000000008f500000|100%| O|  |TAMS 0x000000008f500000, 0x000000008f400000| Untracked 
| 245|0x000000008f500000, 0x000000008f600000, 0x000000008f600000|100%| O|  |TAMS 0x000000008f600000, 0x000000008f500000| Untracked 
| 246|0x000000008f600000, 0x000000008f700000, 0x000000008f700000|100%| O|  |TAMS 0x000000008f700000, 0x000000008f600000| Untracked 
| 247|0x000000008f700000, 0x000000008f800000, 0x000000008f800000|100%| O|  |TAMS 0x000000008f800000, 0x000000008f700000| Untracked 
| 248|0x000000008f800000, 0x000000008f900000, 0x000000008f900000|100%| O|  |TAMS 0x000000008f800000, 0x000000008f800000| Untracked 
| 249|0x000000008f900000, 0x000000008fa00000, 0x000000008fa00000|100%| O|  |TAMS 0x000000008f900000, 0x000000008f900000| Untracked 
| 250|0x000000008fa00000, 0x000000008fb00000, 0x000000008fb00000|100%| O|  |TAMS 0x000000008fa25600, 0x000000008fa00000| Untracked 
| 251|0x000000008fb00000, 0x000000008fc00000, 0x000000008fc00000|100%| O|  |TAMS 0x000000008fb00000, 0x000000008fb00000| Untracked 
| 252|0x000000008fc00000, 0x000000008fd00000, 0x000000008fd00000|100%| O|  |TAMS 0x000000008fc00000, 0x000000008fc00000| Untracked 
| 253|0x000000008fd00000, 0x000000008fe00000, 0x000000008fe00000|100%| O|  |TAMS 0x000000008fd00000, 0x000000008fd00000| Untracked 
| 254|0x000000008fe00000, 0x000000008ff00000, 0x000000008ff00000|100%| O|  |TAMS 0x000000008fe00000, 0x000000008fe00000| Untracked 
| 255|0x000000008ff00000, 0x0000000090000000, 0x0000000090000000|100%| O|  |TAMS 0x000000008ff00000, 0x000000008ff00000| Untracked 
| 256|0x0000000090000000, 0x0000000090100000, 0x0000000090100000|100%| O|  |TAMS 0x0000000090000000, 0x0000000090000000| Untracked 
| 257|0x0000000090100000, 0x0000000090200000, 0x0000000090200000|100%| O|  |TAMS 0x0000000090100000, 0x0000000090100000| Untracked 
| 258|0x0000000090200000, 0x0000000090300000, 0x0000000090300000|100%| O|  |TAMS 0x0000000090200000, 0x0000000090200000| Untracked 
| 259|0x0000000090300000, 0x0000000090400000, 0x0000000090400000|100%| O|  |TAMS 0x0000000090300000, 0x0000000090300000| Untracked 
| 260|0x0000000090400000, 0x0000000090500000, 0x0000000090500000|100%| O|  |TAMS 0x0000000090400000, 0x0000000090400000| Untracked 
| 261|0x0000000090500000, 0x0000000090600000, 0x0000000090600000|100%| O|  |TAMS 0x0000000090500000, 0x0000000090500000| Untracked 
| 262|0x0000000090600000, 0x0000000090700000, 0x0000000090700000|100%| O|  |TAMS 0x0000000090600000, 0x0000000090600000| Untracked 
| 263|0x0000000090700000, 0x0000000090800000, 0x0000000090800000|100%| O|  |TAMS 0x0000000090700000, 0x0000000090700000| Untracked 
| 264|0x0000000090800000, 0x0000000090900000, 0x0000000090900000|100%| O|  |TAMS 0x0000000090800000, 0x0000000090800000| Untracked 
| 265|0x0000000090900000, 0x0000000090a00000, 0x0000000090a00000|100%| O|  |TAMS 0x0000000090900000, 0x0000000090900000| Untracked 
| 266|0x0000000090a00000, 0x0000000090b00000, 0x0000000090b00000|100%| O|  |TAMS 0x0000000090a00000, 0x0000000090a00000| Untracked 
| 267|0x0000000090b00000, 0x0000000090c00000, 0x0000000090c00000|100%| O|  |TAMS 0x0000000090b00000, 0x0000000090b00000| Untracked 
| 268|0x0000000090c00000, 0x0000000090d00000, 0x0000000090d00000|100%| O|  |TAMS 0x0000000090c00000, 0x0000000090c00000| Untracked 
| 269|0x0000000090d00000, 0x0000000090e00000, 0x0000000090e00000|100%| O|  |TAMS 0x0000000090d00000, 0x0000000090d00000| Untracked 
| 270|0x0000000090e00000, 0x0000000090f00000, 0x0000000090f00000|100%| O|  |TAMS 0x0000000090e00000, 0x0000000090e00000| Untracked 
| 271|0x0000000090f00000, 0x0000000091000000, 0x0000000091000000|100%| O|  |TAMS 0x0000000090f00000, 0x0000000090f00000| Untracked 
| 272|0x0000000091000000, 0x0000000091100000, 0x0000000091100000|100%| O|  |TAMS 0x0000000091000000, 0x0000000091000000| Untracked 
| 273|0x0000000091100000, 0x0000000091200000, 0x0000000091200000|100%| O|  |TAMS 0x0000000091100000, 0x0000000091100000| Untracked 
| 274|0x0000000091200000, 0x0000000091300000, 0x0000000091300000|100%| O|  |TAMS 0x0000000091200000, 0x0000000091200000| Untracked 
| 275|0x0000000091300000, 0x0000000091400000, 0x0000000091400000|100%| O|  |TAMS 0x0000000091300000, 0x0000000091300000| Untracked 
| 276|0x0000000091400000, 0x0000000091500000, 0x0000000091500000|100%| O|  |TAMS 0x0000000091400000, 0x0000000091400000| Untracked 
| 277|0x0000000091500000, 0x0000000091600000, 0x0000000091600000|100%| O|  |TAMS 0x0000000091500000, 0x0000000091500000| Untracked 
| 278|0x0000000091600000, 0x0000000091700000, 0x0000000091700000|100%| O|  |TAMS 0x0000000091600000, 0x0000000091600000| Untracked 
| 279|0x0000000091700000, 0x0000000091800000, 0x0000000091800000|100%| O|  |TAMS 0x0000000091700000, 0x0000000091700000| Untracked 
| 280|0x0000000091800000, 0x0000000091900000, 0x0000000091900000|100%| O|  |TAMS 0x0000000091800000, 0x0000000091800000| Untracked 
| 281|0x0000000091900000, 0x0000000091a00000, 0x0000000091a00000|100%| O|  |TAMS 0x0000000091900000, 0x0000000091900000| Untracked 
| 282|0x0000000091a00000, 0x0000000091b00000, 0x0000000091b00000|100%| O|  |TAMS 0x0000000091a00000, 0x0000000091a00000| Untracked 
| 283|0x0000000091b00000, 0x0000000091c00000, 0x0000000091c00000|100%| O|  |TAMS 0x0000000091b00000, 0x0000000091b00000| Untracked 
| 284|0x0000000091c00000, 0x0000000091d00000, 0x0000000091d00000|100%| O|  |TAMS 0x0000000091c00000, 0x0000000091c00000| Untracked 
| 285|0x0000000091d00000, 0x0000000091e00000, 0x0000000091e00000|100%| O|  |TAMS 0x0000000091d00000, 0x0000000091d00000| Untracked 
| 286|0x0000000091e00000, 0x0000000091f00000, 0x0000000091f00000|100%| O|  |TAMS 0x0000000091e00000, 0x0000000091e00000| Untracked 
| 287|0x0000000091f00000, 0x0000000092000000, 0x0000000092000000|100%| O|  |TAMS 0x0000000091f00000, 0x0000000091f00000| Untracked 
| 288|0x0000000092000000, 0x0000000092100000, 0x0000000092100000|100%| O|  |TAMS 0x0000000092000000, 0x0000000092000000| Untracked 
| 289|0x0000000092100000, 0x0000000092200000, 0x0000000092200000|100%| O|  |TAMS 0x0000000092100000, 0x0000000092100000| Untracked 
| 290|0x0000000092200000, 0x0000000092300000, 0x0000000092300000|100%| O|  |TAMS 0x0000000092200000, 0x0000000092200000| Untracked 
| 291|0x0000000092300000, 0x0000000092400000, 0x0000000092400000|100%| O|  |TAMS 0x0000000092300000, 0x0000000092300000| Untracked 
| 292|0x0000000092400000, 0x0000000092416600, 0x0000000092500000|  8%| O|  |TAMS 0x0000000092400000, 0x0000000092400000| Untracked 
| 293|0x0000000092500000, 0x0000000092500000, 0x0000000092600000|  0%| F|  |TAMS 0x0000000092500000, 0x0000000092500000| Untracked 
| 294|0x0000000092600000, 0x0000000092600000, 0x0000000092700000|  0%| F|  |TAMS 0x0000000092600000, 0x0000000092600000| Untracked 
| 295|0x0000000092700000, 0x0000000092700000, 0x0000000092800000|  0%| F|  |TAMS 0x0000000092700000, 0x0000000092700000| Untracked 
| 296|0x0000000092800000, 0x0000000092800000, 0x0000000092900000|  0%| F|  |TAMS 0x0000000092800000, 0x0000000092800000| Untracked 
| 297|0x0000000092900000, 0x0000000092900000, 0x0000000092a00000|  0%| F|  |TAMS 0x0000000092900000, 0x0000000092900000| Untracked 
| 298|0x0000000092a00000, 0x0000000092a00000, 0x0000000092b00000|  0%| F|  |TAMS 0x0000000092a00000, 0x0000000092a00000| Untracked 
| 299|0x0000000092b00000, 0x0000000092b00000, 0x0000000092c00000|  0%| F|  |TAMS 0x0000000092b00000, 0x0000000092b00000| Untracked 
| 300|0x0000000092c00000, 0x0000000092c00000, 0x0000000092d00000|  0%| F|  |TAMS 0x0000000092c00000, 0x0000000092c00000| Untracked 
| 301|0x0000000092d00000, 0x0000000092d00000, 0x0000000092e00000|  0%| F|  |TAMS 0x0000000092d00000, 0x0000000092d00000| Untracked 
| 302|0x0000000092e00000, 0x0000000092e00000, 0x0000000092f00000|  0%| F|  |TAMS 0x0000000092e00000, 0x0000000092e00000| Untracked 
| 303|0x0000000092f00000, 0x0000000092f00000, 0x0000000093000000|  0%| F|  |TAMS 0x0000000092f00000, 0x0000000092f00000| Untracked 
| 304|0x0000000093000000, 0x0000000093000000, 0x0000000093100000|  0%| F|  |TAMS 0x0000000093000000, 0x0000000093000000| Untracked 
| 305|0x0000000093100000, 0x0000000093100000, 0x0000000093200000|  0%| F|  |TAMS 0x0000000093100000, 0x0000000093100000| Untracked 
| 306|0x0000000093200000, 0x0000000093200000, 0x0000000093300000|  0%| F|  |TAMS 0x0000000093200000, 0x0000000093200000| Untracked 
| 307|0x0000000093300000, 0x0000000093300000, 0x0000000093400000|  0%| F|  |TAMS 0x0000000093300000, 0x0000000093300000| Untracked 
| 308|0x0000000093400000, 0x0000000093400000, 0x0000000093500000|  0%| F|  |TAMS 0x0000000093400000, 0x0000000093400000| Untracked 
| 309|0x0000000093500000, 0x0000000093500000, 0x0000000093600000|  0%| F|  |TAMS 0x0000000093500000, 0x0000000093500000| Untracked 
| 310|0x0000000093600000, 0x0000000093600000, 0x0000000093700000|  0%| F|  |TAMS 0x0000000093600000, 0x0000000093600000| Untracked 
| 311|0x0000000093700000, 0x0000000093700000, 0x0000000093800000|  0%| F|  |TAMS 0x0000000093700000, 0x0000000093700000| Untracked 
| 312|0x0000000093800000, 0x0000000093800000, 0x0000000093900000|  0%| F|  |TAMS 0x0000000093800000, 0x0000000093800000| Untracked 
| 313|0x0000000093900000, 0x0000000093900000, 0x0000000093a00000|  0%| F|  |TAMS 0x0000000093900000, 0x0000000093900000| Untracked 
| 314|0x0000000093a00000, 0x0000000093a00000, 0x0000000093b00000|  0%| F|  |TAMS 0x0000000093a00000, 0x0000000093a00000| Untracked 
| 315|0x0000000093b00000, 0x0000000093b00000, 0x0000000093c00000|  0%| F|  |TAMS 0x0000000093b00000, 0x0000000093b00000| Untracked 
| 316|0x0000000093c00000, 0x0000000093c00000, 0x0000000093d00000|  0%| F|  |TAMS 0x0000000093c00000, 0x0000000093c00000| Untracked 
| 317|0x0000000093d00000, 0x0000000093d00000, 0x0000000093e00000|  0%| F|  |TAMS 0x0000000093d00000, 0x0000000093d00000| Untracked 
| 318|0x0000000093e00000, 0x0000000093e00000, 0x0000000093f00000|  0%| F|  |TAMS 0x0000000093e00000, 0x0000000093e00000| Untracked 
| 319|0x0000000093f00000, 0x0000000093f00000, 0x0000000094000000|  0%| F|  |TAMS 0x0000000093f00000, 0x0000000093f00000| Untracked 
| 320|0x0000000094000000, 0x0000000094000000, 0x0000000094100000|  0%| F|  |TAMS 0x0000000094000000, 0x0000000094000000| Untracked 
| 321|0x0000000094100000, 0x0000000094100000, 0x0000000094200000|  0%| F|  |TAMS 0x0000000094100000, 0x0000000094100000| Untracked 
| 322|0x0000000094200000, 0x0000000094200000, 0x0000000094300000|  0%| F|  |TAMS 0x0000000094200000, 0x0000000094200000| Untracked 
| 323|0x0000000094300000, 0x0000000094300000, 0x0000000094400000|  0%| F|  |TAMS 0x0000000094300000, 0x0000000094300000| Untracked 
| 324|0x0000000094400000, 0x0000000094400000, 0x0000000094500000|  0%| F|  |TAMS 0x0000000094400000, 0x0000000094400000| Untracked 
| 325|0x0000000094500000, 0x0000000094500000, 0x0000000094600000|  0%| F|  |TAMS 0x0000000094500000, 0x0000000094500000| Untracked 
| 326|0x0000000094600000, 0x0000000094600000, 0x0000000094700000|  0%| F|  |TAMS 0x0000000094600000, 0x0000000094600000| Untracked 
| 327|0x0000000094700000, 0x0000000094700000, 0x0000000094800000|  0%| F|  |TAMS 0x0000000094700000, 0x0000000094700000| Untracked 
| 328|0x0000000094800000, 0x0000000094800000, 0x0000000094900000|  0%| F|  |TAMS 0x0000000094800000, 0x0000000094800000| Untracked 
| 329|0x0000000094900000, 0x0000000094900000, 0x0000000094a00000|  0%| F|  |TAMS 0x0000000094900000, 0x0000000094900000| Untracked 
| 330|0x0000000094a00000, 0x0000000094a00000, 0x0000000094b00000|  0%| F|  |TAMS 0x0000000094a00000, 0x0000000094a00000| Untracked 
| 331|0x0000000094b00000, 0x0000000094b00000, 0x0000000094c00000|  0%| F|  |TAMS 0x0000000094b00000, 0x0000000094b00000| Untracked 
| 332|0x0000000094c00000, 0x0000000094c00000, 0x0000000094d00000|  0%| F|  |TAMS 0x0000000094c00000, 0x0000000094c00000| Untracked 
| 333|0x0000000094d00000, 0x0000000094d00000, 0x0000000094e00000|  0%| F|  |TAMS 0x0000000094d00000, 0x0000000094d00000| Untracked 
| 334|0x0000000094e00000, 0x0000000094e00000, 0x0000000094f00000|  0%| F|  |TAMS 0x0000000094e00000, 0x0000000094e00000| Untracked 
| 335|0x0000000094f00000, 0x0000000094f00000, 0x0000000095000000|  0%| F|  |TAMS 0x0000000094f00000, 0x0000000094f00000| Untracked 
| 336|0x0000000095000000, 0x0000000095000000, 0x0000000095100000|  0%| F|  |TAMS 0x0000000095000000, 0x0000000095000000| Untracked 
| 337|0x0000000095100000, 0x0000000095100000, 0x0000000095200000|  0%| F|  |TAMS 0x0000000095100000, 0x0000000095100000| Untracked 
| 338|0x0000000095200000, 0x0000000095200000, 0x0000000095300000|  0%| F|  |TAMS 0x0000000095200000, 0x0000000095200000| Untracked 
| 339|0x0000000095300000, 0x0000000095300000, 0x0000000095400000|  0%| F|  |TAMS 0x0000000095300000, 0x0000000095300000| Untracked 
| 340|0x0000000095400000, 0x0000000095400000, 0x0000000095500000|  0%| F|  |TAMS 0x0000000095400000, 0x0000000095400000| Untracked 
| 341|0x0000000095500000, 0x0000000095500000, 0x0000000095600000|  0%| F|  |TAMS 0x0000000095500000, 0x0000000095500000| Untracked 
| 342|0x0000000095600000, 0x0000000095600000, 0x0000000095700000|  0%| F|  |TAMS 0x0000000095600000, 0x0000000095600000| Untracked 
| 343|0x0000000095700000, 0x0000000095700000, 0x0000000095800000|  0%| F|  |TAMS 0x0000000095700000, 0x0000000095700000| Untracked 
| 344|0x0000000095800000, 0x0000000095800000, 0x0000000095900000|  0%| F|  |TAMS 0x0000000095800000, 0x0000000095800000| Untracked 
| 345|0x0000000095900000, 0x0000000095900000, 0x0000000095a00000|  0%| F|  |TAMS 0x0000000095900000, 0x0000000095900000| Untracked 
| 346|0x0000000095a00000, 0x0000000095a00000, 0x0000000095b00000|  0%| F|  |TAMS 0x0000000095a00000, 0x0000000095a00000| Untracked 
| 347|0x0000000095b00000, 0x0000000095b00000, 0x0000000095c00000|  0%| F|  |TAMS 0x0000000095b00000, 0x0000000095b00000| Untracked 
| 348|0x0000000095c00000, 0x0000000095c00000, 0x0000000095d00000|  0%| F|  |TAMS 0x0000000095c00000, 0x0000000095c00000| Untracked 
| 349|0x0000000095d00000, 0x0000000095d00000, 0x0000000095e00000|  0%| F|  |TAMS 0x0000000095d00000, 0x0000000095d00000| Untracked 
| 350|0x0000000095e00000, 0x0000000095e00000, 0x0000000095f00000|  0%| F|  |TAMS 0x0000000095e00000, 0x0000000095e00000| Untracked 
| 351|0x0000000095f00000, 0x0000000095f00000, 0x0000000096000000|  0%| F|  |TAMS 0x0000000095f00000, 0x0000000095f00000| Untracked 
| 352|0x0000000096000000, 0x0000000096000000, 0x0000000096100000|  0%| F|  |TAMS 0x0000000096000000, 0x0000000096000000| Untracked 
| 353|0x0000000096100000, 0x0000000096100000, 0x0000000096200000|  0%| F|  |TAMS 0x0000000096100000, 0x0000000096100000| Untracked 
| 354|0x0000000096200000, 0x0000000096200000, 0x0000000096300000|  0%| F|  |TAMS 0x0000000096200000, 0x0000000096200000| Untracked 
| 355|0x0000000096300000, 0x0000000096300000, 0x0000000096400000|  0%| F|  |TAMS 0x0000000096300000, 0x0000000096300000| Untracked 
| 356|0x0000000096400000, 0x0000000096400000, 0x0000000096500000|  0%| F|  |TAMS 0x0000000096400000, 0x0000000096400000| Untracked 
| 357|0x0000000096500000, 0x0000000096500000, 0x0000000096600000|  0%| F|  |TAMS 0x0000000096500000, 0x0000000096500000| Untracked 
| 358|0x0000000096600000, 0x0000000096600000, 0x0000000096700000|  0%| F|  |TAMS 0x0000000096600000, 0x0000000096600000| Untracked 
| 359|0x0000000096700000, 0x0000000096700000, 0x0000000096800000|  0%| F|  |TAMS 0x0000000096700000, 0x0000000096700000| Untracked 
| 360|0x0000000096800000, 0x0000000096800000, 0x0000000096900000|  0%| F|  |TAMS 0x0000000096800000, 0x0000000096800000| Untracked 
| 361|0x0000000096900000, 0x0000000096900000, 0x0000000096a00000|  0%| F|  |TAMS 0x0000000096900000, 0x0000000096900000| Untracked 
| 362|0x0000000096a00000, 0x0000000096a00000, 0x0000000096b00000|  0%| F|  |TAMS 0x0000000096a00000, 0x0000000096a00000| Untracked 
| 363|0x0000000096b00000, 0x0000000096b00000, 0x0000000096c00000|  0%| F|  |TAMS 0x0000000096b00000, 0x0000000096b00000| Untracked 
| 364|0x0000000096c00000, 0x0000000096c7a0e0, 0x0000000096d00000| 47%| S|CS|TAMS 0x0000000096c00000, 0x0000000096c00000| Complete 
| 365|0x0000000096d00000, 0x0000000096e00000, 0x0000000096e00000|100%| S|CS|TAMS 0x0000000096d00000, 0x0000000096d00000| Complete 
| 366|0x0000000096e00000, 0x0000000096f00000, 0x0000000096f00000|100%| S|CS|TAMS 0x0000000096e00000, 0x0000000096e00000| Complete 
| 367|0x0000000096f00000, 0x0000000097000000, 0x0000000097000000|100%| S|CS|TAMS 0x0000000096f00000, 0x0000000096f00000| Complete 
| 368|0x0000000097000000, 0x0000000097100000, 0x0000000097100000|100%| S|CS|TAMS 0x0000000097000000, 0x0000000097000000| Complete 
| 369|0x0000000097100000, 0x0000000097200000, 0x0000000097200000|100%| S|CS|TAMS 0x0000000097100000, 0x0000000097100000| Complete 
| 370|0x0000000097200000, 0x0000000097200000, 0x0000000097300000|  0%| F|  |TAMS 0x0000000097200000, 0x0000000097200000| Untracked 
| 371|0x0000000097300000, 0x0000000097300000, 0x0000000097400000|  0%| F|  |TAMS 0x0000000097300000, 0x0000000097300000| Untracked 
| 372|0x0000000097400000, 0x0000000097400000, 0x0000000097500000|  0%| F|  |TAMS 0x0000000097400000, 0x0000000097400000| Untracked 
| 373|0x0000000097500000, 0x0000000097500000, 0x0000000097600000|  0%| F|  |TAMS 0x0000000097500000, 0x0000000097500000| Untracked 
| 374|0x0000000097600000, 0x0000000097700000, 0x0000000097700000|100%| E|  |TAMS 0x0000000097600000, 0x0000000097600000| Complete 
| 375|0x0000000097700000, 0x0000000097800000, 0x0000000097800000|100%| E|CS|TAMS 0x0000000097700000, 0x0000000097700000| Complete 
| 376|0x0000000097800000, 0x0000000097900000, 0x0000000097900000|100%| E|CS|TAMS 0x0000000097800000, 0x0000000097800000| Complete 
| 377|0x0000000097900000, 0x0000000097a00000, 0x0000000097a00000|100%| E|CS|TAMS 0x0000000097900000, 0x0000000097900000| Complete 
| 378|0x0000000097a00000, 0x0000000097b00000, 0x0000000097b00000|100%| E|CS|TAMS 0x0000000097a00000, 0x0000000097a00000| Complete 
| 379|0x0000000097b00000, 0x0000000097c00000, 0x0000000097c00000|100%| E|CS|TAMS 0x0000000097b00000, 0x0000000097b00000| Complete 
| 380|0x0000000097c00000, 0x0000000097d00000, 0x0000000097d00000|100%| E|CS|TAMS 0x0000000097c00000, 0x0000000097c00000| Complete 
| 381|0x0000000097d00000, 0x0000000097e00000, 0x0000000097e00000|100%| E|CS|TAMS 0x0000000097d00000, 0x0000000097d00000| Complete 
| 382|0x0000000097e00000, 0x0000000097f00000, 0x0000000097f00000|100%| E|CS|TAMS 0x0000000097e00000, 0x0000000097e00000| Complete 
| 383|0x0000000097f00000, 0x0000000098000000, 0x0000000098000000|100%| E|CS|TAMS 0x0000000097f00000, 0x0000000097f00000| Complete 
| 384|0x0000000098000000, 0x0000000098100000, 0x0000000098100000|100%| E|CS|TAMS 0x0000000098000000, 0x0000000098000000| Complete 
| 385|0x0000000098100000, 0x0000000098200000, 0x0000000098200000|100%| E|CS|TAMS 0x0000000098100000, 0x0000000098100000| Complete 
| 386|0x0000000098200000, 0x0000000098300000, 0x0000000098300000|100%| E|CS|TAMS 0x0000000098200000, 0x0000000098200000| Complete 
| 387|0x0000000098300000, 0x0000000098400000, 0x0000000098400000|100%| E|CS|TAMS 0x0000000098300000, 0x0000000098300000| Complete 
| 388|0x0000000098400000, 0x0000000098500000, 0x0000000098500000|100%| E|CS|TAMS 0x0000000098400000, 0x0000000098400000| Complete 
| 389|0x0000000098500000, 0x0000000098600000, 0x0000000098600000|100%| E|CS|TAMS 0x0000000098500000, 0x0000000098500000| Complete 
| 390|0x0000000098600000, 0x0000000098700000, 0x0000000098700000|100%| E|CS|TAMS 0x0000000098600000, 0x0000000098600000| Complete 
| 391|0x0000000098700000, 0x0000000098800000, 0x0000000098800000|100%| E|CS|TAMS 0x0000000098700000, 0x0000000098700000| Complete 
| 392|0x0000000098800000, 0x0000000098900000, 0x0000000098900000|100%| E|CS|TAMS 0x0000000098800000, 0x0000000098800000| Complete 
| 393|0x0000000098900000, 0x0000000098a00000, 0x0000000098a00000|100%| E|CS|TAMS 0x0000000098900000, 0x0000000098900000| Complete 
| 394|0x0000000098a00000, 0x0000000098b00000, 0x0000000098b00000|100%| E|CS|TAMS 0x0000000098a00000, 0x0000000098a00000| Complete 
| 395|0x0000000098b00000, 0x0000000098c00000, 0x0000000098c00000|100%| E|CS|TAMS 0x0000000098b00000, 0x0000000098b00000| Complete 
| 396|0x0000000098c00000, 0x0000000098d00000, 0x0000000098d00000|100%| E|CS|TAMS 0x0000000098c00000, 0x0000000098c00000| Complete 
| 397|0x0000000098d00000, 0x0000000098e00000, 0x0000000098e00000|100%| E|CS|TAMS 0x0000000098d00000, 0x0000000098d00000| Complete 
| 398|0x0000000098e00000, 0x0000000098f00000, 0x0000000098f00000|100%| E|CS|TAMS 0x0000000098e00000, 0x0000000098e00000| Complete 
| 399|0x0000000098f00000, 0x0000000099000000, 0x0000000099000000|100%| E|CS|TAMS 0x0000000098f00000, 0x0000000098f00000| Complete 
| 400|0x0000000099000000, 0x0000000099100000, 0x0000000099100000|100%| E|CS|TAMS 0x0000000099000000, 0x0000000099000000| Complete 
| 401|0x0000000099100000, 0x0000000099200000, 0x0000000099200000|100%| E|CS|TAMS 0x0000000099100000, 0x0000000099100000| Complete 
| 402|0x0000000099200000, 0x0000000099300000, 0x0000000099300000|100%| E|CS|TAMS 0x0000000099200000, 0x0000000099200000| Complete 
| 403|0x0000000099300000, 0x0000000099400000, 0x0000000099400000|100%| E|CS|TAMS 0x0000000099300000, 0x0000000099300000| Complete 
| 404|0x0000000099400000, 0x0000000099500000, 0x0000000099500000|100%| E|CS|TAMS 0x0000000099400000, 0x0000000099400000| Complete 
| 405|0x0000000099500000, 0x0000000099600000, 0x0000000099600000|100%| E|CS|TAMS 0x0000000099500000, 0x0000000099500000| Complete 
| 406|0x0000000099600000, 0x0000000099700000, 0x0000000099700000|100%| E|CS|TAMS 0x0000000099600000, 0x0000000099600000| Complete 
| 407|0x0000000099700000, 0x0000000099800000, 0x0000000099800000|100%| E|CS|TAMS 0x0000000099700000, 0x0000000099700000| Complete 
| 408|0x0000000099800000, 0x0000000099900000, 0x0000000099900000|100%| E|CS|TAMS 0x0000000099800000, 0x0000000099800000| Complete 
| 409|0x0000000099900000, 0x0000000099a00000, 0x0000000099a00000|100%| E|CS|TAMS 0x0000000099900000, 0x0000000099900000| Complete 
| 410|0x0000000099a00000, 0x0000000099b00000, 0x0000000099b00000|100%| E|CS|TAMS 0x0000000099a00000, 0x0000000099a00000| Complete 
| 411|0x0000000099b00000, 0x0000000099c00000, 0x0000000099c00000|100%| E|CS|TAMS 0x0000000099b00000, 0x0000000099b00000| Complete 
| 412|0x0000000099c00000, 0x0000000099d00000, 0x0000000099d00000|100%| E|CS|TAMS 0x0000000099c00000, 0x0000000099c00000| Complete 
| 413|0x0000000099d00000, 0x0000000099e00000, 0x0000000099e00000|100%| E|CS|TAMS 0x0000000099d00000, 0x0000000099d00000| Complete 
| 414|0x0000000099e00000, 0x0000000099f00000, 0x0000000099f00000|100%| E|CS|TAMS 0x0000000099e00000, 0x0000000099e00000| Complete 
| 415|0x0000000099f00000, 0x000000009a000000, 0x000000009a000000|100%| E|CS|TAMS 0x0000000099f00000, 0x0000000099f00000| Complete 
| 416|0x000000009a000000, 0x000000009a100000, 0x000000009a100000|100%| E|CS|TAMS 0x000000009a000000, 0x000000009a000000| Complete 
| 417|0x000000009a100000, 0x000000009a200000, 0x000000009a200000|100%| E|CS|TAMS 0x000000009a100000, 0x000000009a100000| Complete 
| 418|0x000000009a200000, 0x000000009a300000, 0x000000009a300000|100%| E|CS|TAMS 0x000000009a200000, 0x000000009a200000| Complete 
| 419|0x000000009a300000, 0x000000009a400000, 0x000000009a400000|100%| E|CS|TAMS 0x000000009a300000, 0x000000009a300000| Complete 
| 420|0x000000009a400000, 0x000000009a500000, 0x000000009a500000|100%| E|CS|TAMS 0x000000009a400000, 0x000000009a400000| Complete 
| 421|0x000000009a500000, 0x000000009a600000, 0x000000009a600000|100%| E|CS|TAMS 0x000000009a500000, 0x000000009a500000| Complete 
| 422|0x000000009a600000, 0x000000009a700000, 0x000000009a700000|100%| E|CS|TAMS 0x000000009a600000, 0x000000009a600000| Complete 
| 423|0x000000009a700000, 0x000000009a800000, 0x000000009a800000|100%| E|CS|TAMS 0x000000009a700000, 0x000000009a700000| Complete 
| 424|0x000000009a800000, 0x000000009a900000, 0x000000009a900000|100%| E|CS|TAMS 0x000000009a800000, 0x000000009a800000| Complete 
| 425|0x000000009a900000, 0x000000009aa00000, 0x000000009aa00000|100%| E|CS|TAMS 0x000000009a900000, 0x000000009a900000| Complete 
| 426|0x000000009aa00000, 0x000000009ab00000, 0x000000009ab00000|100%| E|CS|TAMS 0x000000009aa00000, 0x000000009aa00000| Complete 
| 427|0x000000009ab00000, 0x000000009ac00000, 0x000000009ac00000|100%| E|CS|TAMS 0x000000009ab00000, 0x000000009ab00000| Complete 
| 428|0x000000009ac00000, 0x000000009ad00000, 0x000000009ad00000|100%| E|CS|TAMS 0x000000009ac00000, 0x000000009ac00000| Complete 
| 429|0x000000009ad00000, 0x000000009ae00000, 0x000000009ae00000|100%| E|CS|TAMS 0x000000009ad00000, 0x000000009ad00000| Complete 
| 430|0x000000009ae00000, 0x000000009af00000, 0x000000009af00000|100%| E|CS|TAMS 0x000000009ae00000, 0x000000009ae00000| Complete 
| 431|0x000000009af00000, 0x000000009b000000, 0x000000009b000000|100%| E|CS|TAMS 0x000000009af00000, 0x000000009af00000| Complete 
| 432|0x000000009b000000, 0x000000009b100000, 0x000000009b100000|100%| E|CS|TAMS 0x000000009b000000, 0x000000009b000000| Complete 
| 433|0x000000009b100000, 0x000000009b200000, 0x000000009b200000|100%| E|CS|TAMS 0x000000009b100000, 0x000000009b100000| Complete 
| 434|0x000000009b200000, 0x000000009b300000, 0x000000009b300000|100%| E|CS|TAMS 0x000000009b200000, 0x000000009b200000| Complete 
| 435|0x000000009b300000, 0x000000009b400000, 0x000000009b400000|100%| E|CS|TAMS 0x000000009b300000, 0x000000009b300000| Complete 
| 436|0x000000009b400000, 0x000000009b500000, 0x000000009b500000|100%| E|CS|TAMS 0x000000009b400000, 0x000000009b400000| Complete 
| 437|0x000000009b500000, 0x000000009b600000, 0x000000009b600000|100%| E|CS|TAMS 0x000000009b500000, 0x000000009b500000| Complete 
| 438|0x000000009b600000, 0x000000009b700000, 0x000000009b700000|100%| E|CS|TAMS 0x000000009b600000, 0x000000009b600000| Complete 
| 439|0x000000009b700000, 0x000000009b800000, 0x000000009b800000|100%| E|CS|TAMS 0x000000009b700000, 0x000000009b700000| Complete 
| 440|0x000000009b800000, 0x000000009b900000, 0x000000009b900000|100%| E|CS|TAMS 0x000000009b800000, 0x000000009b800000| Complete 
| 441|0x000000009b900000, 0x000000009ba00000, 0x000000009ba00000|100%| E|CS|TAMS 0x000000009b900000, 0x000000009b900000| Complete 
| 901|0x00000000b8500000, 0x00000000b8600000, 0x00000000b8600000|100%| E|CS|TAMS 0x00000000b8500000, 0x00000000b8500000| Complete 
|1015|0x00000000bf700000, 0x00000000bf800000, 0x00000000bf800000|100%| E|CS|TAMS 0x00000000bf700000, 0x00000000bf700000| Complete 

Card table byte_map: [0x00000262401c0000,0x00000262405c0000] _byte_map_base: 0x000002623fdc0000

Marking Bits (Prev, Next): (CMBitMap*) 0x00000262287e5770, (CMBitMap*) 0x00000262287e5730
 Prev Bits: [0x00000262429c0000, 0x00000262449c0000)
 Next Bits: [0x00000262409c0000, 0x00000262429c0000)

Polling page: 0x00000262255b0000

Metaspace:

Usage:
  Non-class:    156.77 MB used.
      Class:     21.81 MB used.
       Both:    178.57 MB used.

Virtual space:
  Non-class space:      192.00 MB reserved,     157.38 MB ( 82%) committed,  3 nodes.
      Class space:      416.00 MB reserved,      22.44 MB (  5%) committed,  1 nodes.
             Both:      608.00 MB reserved,     179.81 MB ( 30%) committed. 

Chunk freelists:
   Non-Class:  2.02 MB
       Class:  9.54 MB
        Both:  11.55 MB

MaxMetaspaceSize: 512.00 MB
CompressedClassSpaceSize: 416.00 MB
Initial GC threshold: 21.00 MB
Current GC threshold: 282.94 MB
CDS: on
MetaspaceReclaimPolicy: balanced
 - commit_granule_bytes: 65536.
 - commit_granule_words: 8192.
 - virtual_space_node_default_size: 8388608.
 - enlarge_chunks_in_place: 1.
 - new_chunks_are_fully_committed: 0.
 - uncommit_free_chunks: 1.
 - use_allocation_guard: 0.
 - handle_deallocations: 1.


Internal statistics:

num_allocs_failed_limit: 12.
num_arena_births: 2040.
num_arena_deaths: 16.
num_vsnodes_births: 4.
num_vsnodes_deaths: 0.
num_space_committed: 2890.
num_space_uncommitted: 17.
num_chunks_returned_to_freelist: 116.
num_chunks_taken_from_freelist: 9845.
num_chunk_merges: 30.
num_chunk_splits: 6811.
num_chunks_enlarged: 4847.
num_inconsistent_stats: 0.

CodeHeap 'non-profiled nmethods': size=119168Kb used=18990Kb max_used=19170Kb free=100177Kb
 bounds [0x0000026237e90000, 0x0000026239150000, 0x000002623f2f0000]
CodeHeap 'profiled nmethods': size=119104Kb used=68317Kb max_used=68317Kb free=50786Kb
 bounds [0x00000262302f0000, 0x00000262345b0000, 0x0000026237740000]
CodeHeap 'non-nmethods': size=7488Kb used=3649Kb max_used=3750Kb free=3838Kb
 bounds [0x0000026237740000, 0x0000026237b00000, 0x0000026237e90000]
 total_blobs=25643 nmethods=24543 adapters=1003
 compilation: enabled
              stopped_count=0, restarted_count=0
 full_count=0

Compilation events (20 events):
Event: 60.044 Thread 0x000002626f23ba50 30427       3       org.jetbrains.kotlin.fir.java.JavaAnnotationsMappingKt::buildFirAnnotation (367 bytes)
Event: 60.044 Thread 0x000002626f23bfa0 30428       3       org.jetbrains.kotlin.fir.java.AnnotationData::<init> (27 bytes)
Event: 60.045 Thread 0x000002626f23bfa0 nmethod 30428 0x0000026234585610 code [0x00000262345858a0, 0x00000262345863f8]
Event: 60.045 Thread 0x0000026247f62c50 30429       3       org.jetbrains.kotlin.fir.java.declarations.FirJavaMethod::getContextParameters (4 bytes)
Event: 60.045 Thread 0x0000026247f62c50 nmethod 30429 0x0000026234586810 code [0x00000262345869c0, 0x0000026234586b38]
Event: 60.047 Thread 0x000002626f23ba50 nmethod 30427 0x0000026234586c10 code [0x0000026234587360, 0x000002623458b378]
Event: 60.053 Thread 0x000002620f1af2a0 nmethod 30302 0x000002623913d410 code [0x000002623913d8a0, 0x0000026239142e28]
Event: 60.054 Thread 0x000002620f1af2a0 30430       4       org.jetbrains.kotlin.fir.declarations.DeprecationUtilsKt::extractDeprecationAnnotationInfoPerUseSite (1240 bytes)
Event: 60.075 Thread 0x000002626f23afb0 30437       3       org.jetbrains.kotlin.fir.declarations.builder.FirConstructorBuilder::setSymbol (12 bytes)
Event: 60.075 Thread 0x000002626f23bfa0 30436       3       org.jetbrains.kotlin.fir.declarations.builder.FirConstructorBuilder::setStatus (12 bytes)
Event: 60.075 Thread 0x0000026247f62c50 30438       3       org.jetbrains.kotlin.fir.declarations.builder.FirConstructorBuilder::setModuleData (12 bytes)
Event: 60.075 Thread 0x000002626f23ba50 30439       3       org.jetbrains.kotlin.fir.declarations.builder.FirConstructorBuilder::setReturnTypeRef (12 bytes)
Event: 60.076 Thread 0x000002626f23bfa0 nmethod 30436 0x000002623458ca90 code [0x000002623458cca0, 0x000002623458d298]
Event: 60.076 Thread 0x000002626f23ba50 nmethod 30439 0x000002623458d510 code [0x000002623458d720, 0x000002623458dd18]
Event: 60.076 Thread 0x0000026247f62c50 nmethod 30438 0x000002623458df90 code [0x000002623458e1a0, 0x000002623458e798]
Event: 60.076 Thread 0x0000026247f62c50 30441       3       org.jetbrains.kotlin.fir.declarations.builder.FirConstructorBuilder::getStatus (17 bytes)
Event: 60.076 Thread 0x000002626f23bfa0 30440       3       org.jetbrains.kotlin.fir.declarations.builder.FirConstructorBuilder::getModuleData (17 bytes)
Event: 60.076 Thread 0x000002626f23afb0 nmethod 30437 0x000002623458ea10 code [0x000002623458ec20, 0x000002623458f218]
Event: 60.076 Thread 0x000002626f23ba50 30442       3       org.jetbrains.kotlin.fir.declarations.builder.FirConstructorBuilder::getReturnTypeRef (17 bytes)
Event: 60.076 Thread 0x000002626f23afb0 30443       3       org.jetbrains.kotlin.fir.declarations.builder.FirConstructorBuilder::getSymbol (17 bytes)

GC Heap History (20 events):
Event: 43.558 GC heap before
{Heap before GC invocations=36 (full 0):
 garbage-first heap   total 352256K, used 282390K [0x0000000080000000, 0x0000000100000000)
  region size 1024K, 61 young (62464K), 3 survivors (3072K)
 Metaspace       used 169723K, committed 170880K, reserved 622592K
  class space    used 21108K, committed 21696K, reserved 425984K
}
Event: 43.564 GC heap after
{Heap after GC invocations=37 (full 0):
 garbage-first heap   total 352256K, used 237856K [0x0000000080000000, 0x0000000100000000)
  region size 1024K, 8 young (8192K), 8 survivors (8192K)
 Metaspace       used 169723K, committed 170880K, reserved 622592K
  class space    used 21108K, committed 21696K, reserved 425984K
}
Event: 43.821 GC heap before
{Heap before GC invocations=37 (full 0):
 garbage-first heap   total 352256K, used 285984K [0x0000000080000000, 0x0000000100000000)
  region size 1024K, 55 young (56320K), 8 survivors (8192K)
 Metaspace       used 169723K, committed 170880K, reserved 622592K
  class space    used 21108K, committed 21696K, reserved 425984K
}
Event: 43.825 GC heap after
{Heap after GC invocations=38 (full 0):
 garbage-first heap   total 352256K, used 250120K [0x0000000080000000, 0x0000000100000000)
  region size 1024K, 7 young (7168K), 7 survivors (7168K)
 Metaspace       used 169723K, committed 170880K, reserved 622592K
  class space    used 21108K, committed 21696K, reserved 425984K
}
Event: 44.054 GC heap before
{Heap before GC invocations=38 (full 0):
 garbage-first heap   total 352256K, used 290056K [0x0000000080000000, 0x0000000100000000)
  region size 1024K, 46 young (47104K), 7 survivors (7168K)
 Metaspace       used 169804K, committed 171008K, reserved 622592K
  class space    used 21111K, committed 21696K, reserved 425984K
}
Event: 44.057 GC heap after
{Heap after GC invocations=39 (full 0):
 garbage-first heap   total 352256K, used 262059K [0x0000000080000000, 0x0000000100000000)
  region size 1024K, 6 young (6144K), 6 survivors (6144K)
 Metaspace       used 169804K, committed 171008K, reserved 622592K
  class space    used 21111K, committed 21696K, reserved 425984K
}
Event: 45.010 GC heap before
{Heap before GC invocations=39 (full 0):
 garbage-first heap   total 352256K, used 293803K [0x0000000080000000, 0x0000000100000000)
  region size 1024K, 37 young (37888K), 6 survivors (6144K)
 Metaspace       used 172323K, committed 173504K, reserved 622592K
  class space    used 21355K, committed 21952K, reserved 425984K
}
Event: 45.016 GC heap after
{Heap after GC invocations=40 (full 0):
 garbage-first heap   total 352256K, used 270102K [0x0000000080000000, 0x0000000100000000)
  region size 1024K, 5 young (5120K), 5 survivors (5120K)
 Metaspace       used 172323K, committed 173504K, reserved 622592K
  class space    used 21355K, committed 21952K, reserved 425984K
}
Event: 46.644 GC heap before
{Heap before GC invocations=41 (full 0):
 garbage-first heap   total 454656K, used 291606K [0x0000000080000000, 0x0000000100000000)
  region size 1024K, 26 young (26624K), 5 survivors (5120K)
 Metaspace       used 175015K, committed 176256K, reserved 622592K
  class space    used 21633K, committed 22272K, reserved 425984K
}
Event: 46.648 GC heap after
{Heap after GC invocations=42 (full 0):
 garbage-first heap   total 454656K, used 273173K [0x0000000080000000, 0x0000000100000000)
  region size 1024K, 3 young (3072K), 3 survivors (3072K)
 Metaspace       used 175015K, committed 176256K, reserved 622592K
  class space    used 21633K, committed 22272K, reserved 425984K
}
Event: 47.949 GC heap before
{Heap before GC invocations=42 (full 0):
 garbage-first heap   total 454656K, used 292629K [0x0000000080000000, 0x0000000100000000)
  region size 1024K, 22 young (22528K), 3 survivors (3072K)
 Metaspace       used 176169K, committed 177408K, reserved 622592K
  class space    used 21687K, committed 22336K, reserved 425984K
}
Event: 47.953 GC heap after
{Heap after GC invocations=43 (full 0):
 garbage-first heap   total 454656K, used 270574K [0x0000000080000000, 0x0000000100000000)
  region size 1024K, 2 young (2048K), 2 survivors (2048K)
 Metaspace       used 176169K, committed 177408K, reserved 622592K
  class space    used 21687K, committed 22336K, reserved 425984K
}
Event: 51.294 GC heap before
{Heap before GC invocations=43 (full 0):
 garbage-first heap   total 454656K, used 357614K [0x0000000080000000, 0x0000000100000000)
  region size 1024K, 87 young (89088K), 2 survivors (2048K)
 Metaspace       used 178041K, committed 179328K, reserved 622592K
  class space    used 21833K, committed 22464K, reserved 425984K
}
Event: 51.300 GC heap after
{Heap after GC invocations=44 (full 0):
 garbage-first heap   total 454656K, used 280821K [0x0000000080000000, 0x0000000100000000)
  region size 1024K, 11 young (11264K), 11 survivors (11264K)
 Metaspace       used 178041K, committed 179328K, reserved 622592K
  class space    used 21833K, committed 22464K, reserved 425984K
}
Event: 53.425 GC heap before
{Heap before GC invocations=44 (full 0):
 garbage-first heap   total 454656K, used 363765K [0x0000000080000000, 0x0000000100000000)
  region size 1024K, 93 young (95232K), 11 survivors (11264K)
 Metaspace       used 178526K, committed 179776K, reserved 622592K
  class space    used 21857K, committed 22464K, reserved 425984K
}
Event: 53.431 GC heap after
{Heap after GC invocations=45 (full 0):
 garbage-first heap   total 454656K, used 288303K [0x0000000080000000, 0x0000000100000000)
  region size 1024K, 7 young (7168K), 7 survivors (7168K)
 Metaspace       used 178526K, committed 179776K, reserved 622592K
  class space    used 21857K, committed 22464K, reserved 425984K
}
Event: 56.051 GC heap before
{Heap before GC invocations=45 (full 0):
 garbage-first heap   total 454656K, used 371247K [0x0000000080000000, 0x0000000100000000)
  region size 1024K, 88 young (90112K), 7 survivors (7168K)
 Metaspace       used 179139K, committed 180416K, reserved 622592K
  class space    used 21900K, committed 22528K, reserved 425984K
}
Event: 56.057 GC heap after
{Heap after GC invocations=46 (full 0):
 garbage-first heap   total 454656K, used 299044K [0x0000000080000000, 0x0000000100000000)
  region size 1024K, 11 young (11264K), 11 survivors (11264K)
 Metaspace       used 179139K, committed 180416K, reserved 622592K
  class space    used 21900K, committed 22528K, reserved 425984K
}
Event: 58.377 GC heap before
{Heap before GC invocations=46 (full 0):
 garbage-first heap   total 454656K, used 374820K [0x0000000080000000, 0x0000000100000000)
  region size 1024K, 85 young (87040K), 11 survivors (11264K)
 Metaspace       used 182508K, committed 183808K, reserved 622592K
  class space    used 22324K, committed 22976K, reserved 425984K
}
Event: 58.383 GC heap after
{Heap after GC invocations=47 (full 0):
 garbage-first heap   total 454656K, used 304472K [0x0000000080000000, 0x0000000100000000)
  region size 1024K, 6 young (6144K), 6 survivors (6144K)
 Metaspace       used 182508K, committed 183808K, reserved 622592K
  class space    used 22324K, committed 22976K, reserved 425984K
}

Dll operation events (18 events):
Event: 0.012 Loaded shared library C:\Program Files\Microsoft\jdk-17.0.18.8-hotspot\bin\java.dll
Event: 0.053 Loaded shared library C:\Program Files\Microsoft\jdk-17.0.18.8-hotspot\bin\jsvml.dll
Event: 0.103 Loaded shared library C:\Program Files\Microsoft\jdk-17.0.18.8-hotspot\bin\zip.dll
Event: 0.106 Loaded shared library C:\Program Files\Microsoft\jdk-17.0.18.8-hotspot\bin\instrument.dll
Event: 0.111 Loaded shared library C:\Program Files\Microsoft\jdk-17.0.18.8-hotspot\bin\net.dll
Event: 0.112 Loaded shared library C:\Program Files\Microsoft\jdk-17.0.18.8-hotspot\bin\nio.dll
Event: 0.115 Loaded shared library C:\Program Files\Microsoft\jdk-17.0.18.8-hotspot\bin\zip.dll
Event: 0.354 Loaded shared library C:\Program Files\Microsoft\jdk-17.0.18.8-hotspot\bin\jimage.dll
Event: 0.547 Loaded shared library C:\Program Files\Microsoft\jdk-17.0.18.8-hotspot\bin\verify.dll
Event: 0.582 Loaded shared library C:\Users\louis\.gradle\native\660c5614fbf4a5f2a75b1949f50a0caf5cd603558e7d8a26e50b933a0cfb79d1\windows-amd64\native-platform.dll
Event: 0.593 Loaded shared library C:\Users\louis\.gradle\native\0.2.8\x86_64-windows-gnu\gradle-fileevents.dll
Event: 1.382 Loaded shared library C:\Program Files\Microsoft\jdk-17.0.18.8-hotspot\bin\management.dll
Event: 1.385 Loaded shared library C:\Program Files\Microsoft\jdk-17.0.18.8-hotspot\bin\management_ext.dll
Event: 1.743 Loaded shared library C:\Program Files\Microsoft\jdk-17.0.18.8-hotspot\bin\extnet.dll
Event: 1.974 Loaded shared library C:\Program Files\Microsoft\jdk-17.0.18.8-hotspot\bin\sunmscapi.dll
Event: 15.129 Loaded shared library C:\Program Files\Microsoft\jdk-17.0.18.8-hotspot\bin\awt.dll
Event: 29.348 Loaded shared library C:\Users\louis\AppData\Local\Temp\sqlite-3.41.2.2-cf8a72df-e933-4772-a020-54045c966cf9-sqlitejdbc.dll
Event: 31.596 Unloaded dll "C:\Users\louis\AppData\Local\Temp\sqlite-3.41.2.2-cf8a72df-e933-4772-a020-54045c966cf9-sqlitejdbc.dll" [0x00007ffc29e80000]

Deoptimization events (20 events):
Event: 59.300 Thread 0x000002627c12e870 Uncommon trap: trap_request=0xffffffde fr.pc=0x000002623901434c relative=0x0000000000001a4c
Event: 59.300 Thread 0x000002627c12e870 Uncommon trap: reason=class_check action=maybe_recompile pc=0x000002623901434c method=org.jetbrains.kotlin.fir.resolve.calls.stages.ArgumentCheckingProcessor.checkApplicabilityForArgumentType$subtypeError$tryGetConeTypeThatCompatibleWithKtType(Lorg/jetbra
Event: 59.300 Thread 0x000002627c12e870 DEOPT PACKING pc=0x000002623901434c sp=0x0000007e22ef6ae0
Event: 59.300 Thread 0x000002627c12e870 DEOPT UNPACKING pc=0x00000262377969a3 sp=0x0000007e22ef6a68 mode 2
Event: 59.400 Thread 0x000002627c12e870 Uncommon trap: trap_request=0xffffff45 fr.pc=0x000002623903f438 relative=0x0000000000003a98
Event: 59.400 Thread 0x000002627c12e870 Uncommon trap: reason=unstable_if action=reinterpret pc=0x000002623903f438 method=org.jetbrains.kotlin.resolve.calls.inference.components.ConstraintInjector.processGivenConstraints(Lorg/jetbrains/kotlin/resolve/calls/inference/components/ConstraintInjecto
Event: 59.400 Thread 0x000002627c12e870 DEOPT PACKING pc=0x000002623903f438 sp=0x0000007e22ef7b20
Event: 59.400 Thread 0x000002627c12e870 DEOPT UNPACKING pc=0x00000262377969a3 sp=0x0000007e22ef7a18 mode 2
Event: 59.400 Thread 0x000002627c12e870 Uncommon trap: trap_request=0xffffff45 fr.pc=0x0000026238f828b8 relative=0x0000000000003798
Event: 59.400 Thread 0x000002627c12e870 Uncommon trap: reason=unstable_if action=reinterpret pc=0x0000026238f828b8 method=org.jetbrains.kotlin.resolve.calls.inference.model.MutableVariableWithConstraints.addConstraint(Lorg/jetbrains/kotlin/resolve/calls/inference/model/Constraint;)Lkotlin/Pair;
Event: 59.401 Thread 0x000002627c12e870 DEOPT PACKING pc=0x0000026238f828b8 sp=0x0000007e22ef78c0
Event: 59.401 Thread 0x000002627c12e870 DEOPT UNPACKING pc=0x00000262377969a3 sp=0x0000007e22ef7848 mode 2
Event: 59.401 Thread 0x000002627c12e870 Uncommon trap: trap_request=0xffffff45 fr.pc=0x0000026238e84fb8 relative=0x00000000000006f8
Event: 59.401 Thread 0x000002627c12e870 Uncommon trap: reason=unstable_if action=reinterpret pc=0x0000026238e84fb8 method=org.jetbrains.kotlin.resolve.calls.inference.components.VariableFixationFinder.isProperArgumentConstraint(Lorg/jetbrains/kotlin/resolve/calls/inference/components/VariableFi
Event: 59.402 Thread 0x000002627c12e870 DEOPT PACKING pc=0x0000026238e84fb8 sp=0x0000007e22ef7f20
Event: 59.402 Thread 0x000002627c12e870 DEOPT UNPACKING pc=0x00000262377969a3 sp=0x0000007e22ef7f08 mode 2
Event: 59.717 Thread 0x000002627c12e870 Uncommon trap: trap_request=0xffffffde fr.pc=0x0000026238c05734 relative=0x00000000000023b4
Event: 59.717 Thread 0x000002627c12e870 Uncommon trap: reason=class_check action=maybe_recompile pc=0x0000026238c05734 method=org.jetbrains.kotlin.fir.scopes.impl.AbstractFirUseSiteMemberScope.processPropertiesByName(Lorg/jetbrains/kotlin/name/Name;Lkotlin/jvm/functions/Function1;)V @ 115 c2
Event: 59.717 Thread 0x000002627c12e870 DEOPT PACKING pc=0x0000026238c05734 sp=0x0000007e22ef88b0
Event: 59.717 Thread 0x000002627c12e870 DEOPT UNPACKING pc=0x00000262377969a3 sp=0x0000007e22ef8898 mode 2

Classes loaded (20 events):
Event: 31.858 Loading class com/sun/management/internal/HotSpotThreadImpl
Event: 31.858 Loading class com/sun/management/ThreadMXBean
Event: 31.858 Loading class com/sun/management/ThreadMXBean done
Event: 31.859 Loading class sun/management/ThreadImpl
Event: 31.859 Loading class sun/management/ThreadImpl done
Event: 31.859 Loading class com/sun/management/internal/HotSpotThreadImpl done
Event: 33.627 Loading class java/nio/channels/Channels$ReadableByteChannelImpl
Event: 33.627 Loading class java/nio/channels/Channels$ReadableByteChannelImpl done
Event: 33.627 Loading class java/nio/channels/NonWritableChannelException
Event: 33.628 Loading class java/nio/channels/NonWritableChannelException done
Event: 37.380 Loading class java/util/regex/Pattern$1
Event: 37.381 Loading class java/util/regex/Pattern$1 done
Event: 40.564 Loading class java/time/Instant$1
Event: 40.565 Loading class java/time/Instant$1 done
Event: 41.570 Loading class java/text/StringCharacterIterator
Event: 41.570 Loading class java/text/CharacterIterator
Event: 41.571 Loading class java/text/CharacterIterator done
Event: 41.571 Loading class java/text/StringCharacterIterator done
Event: 56.827 Loading class java/util/stream/SortedOps$RefSortingSink
Event: 56.827 Loading class java/util/stream/SortedOps$RefSortingSink done

Classes unloaded (20 events):
Event: 31.579 Thread 0x0000026247f11010 Unloading class 0x000002624ad9faa8 'androidx/room/compiler/processing/ksp/KspProcessingEnv$jvmVersion$2'
Event: 31.579 Thread 0x0000026247f11010 Unloading class 0x000002624ad9f678 'androidx/room/compiler/processing/XProcessingEnv$Platform'
Event: 31.579 Thread 0x0000026247f11010 Unloading class 0x000002624ad9f438 'androidx/room/compiler/processing/ksp/KspProcessingEnv$jvmPlatformInfo$2'
Event: 31.579 Thread 0x0000026247f11010 Unloading class 0x000002624ad9f008 'androidx/room/compiler/processing/XProcessingEnv$Backend'
Event: 31.579 Thread 0x0000026247f11010 Unloading class 0x000002624ad9ee08 'androidx/room/compiler/processing/XProcessingEnv$Companion'
Event: 31.579 Thread 0x0000026247f11010 Unloading class 0x000002624ad9ea78 'androidx/room/compiler/processing/ksp/KspProcessingEnv'
Event: 31.579 Thread 0x0000026247f11010 Unloading class 0x000002624ad9e880 'androidx/room/compiler/processing/XProcessingEnv'
Event: 31.579 Thread 0x0000026247f11010 Unloading class 0x000002624ad9e640 'androidx/room/compiler/processing/ksp/KspBasicAnnotationProcessor$DelegateLogger'
Event: 31.579 Thread 0x0000026247f11010 Unloading class 0x000002624ad9e208 'androidx/room/processor/Context$BooleanProcessorOptions'
Event: 31.579 Thread 0x0000026247f11010 Unloading class 0x000002624ad9e000 'androidx/room/compiler/processing/XProcessingEnvConfig$Builder'
Event: 31.579 Thread 0x0000026247f11010 Unloading class 0x000002624ad9dd48 'androidx/room/compiler/processing/XProcessingEnvConfig$Companion'
Event: 31.579 Thread 0x0000026247f11010 Unloading class 0x000002624ad9db48 'androidx/room/compiler/processing/XProcessingEnvConfig'
Event: 31.579 Thread 0x0000026247f11010 Unloading class 0x000002624ad9d948 'androidx/room/DatabaseProcessingStep$Companion'
Event: 31.579 Thread 0x0000026247f11010 Unloading class 0x000002624ad9d708 'androidx/room/DatabaseProcessingStep'
Event: 31.579 Thread 0x0000026247f11010 Unloading class 0x000002624ad9d510 'androidx/room/compiler/processing/XProcessingStep'
Event: 31.579 Thread 0x0000026247f11010 Unloading class 0x000002624ad9d288 'androidx/room/RoomKspProcessor'
Event: 31.579 Thread 0x0000026247f11010 Unloading class 0x000002624ad9d000 'androidx/room/compiler/processing/ksp/KspBasicAnnotationProcessor'
Event: 31.579 Thread 0x0000026247f11010 Unloading class 0x000002624a7edc30 'androidx/room/compiler/processing/XBasicAnnotationProcessor'
Event: 31.579 Thread 0x0000026247f11010 Unloading class 0x000002624a7eda18 'com/squareup/moshi/kotlin/codegen/ksp/JsonClassSymbolProcessorProvider'
Event: 31.579 Thread 0x0000026247f11010 Unloading class 0x000002624a7ed800 'androidx/room/RoomKspProcessor$Provider'

Classes redefined (0 events):
No events

Internal exceptions (20 events):
Event: 39.246 Thread 0x000002627c12e870 Implicit null exception at 0x0000026238746f5f to 0x000002623874892c
Event: 45.348 Thread 0x000002627c12e870 Exception <a 'java/lang/NoSuchMethodError'{0x000000009b67add8}: 'java.lang.Object java.lang.invoke.DirectMethodHandle$Holder.invokeStatic(java.lang.Object, java.lang.Object, java.lang.Object, java.lang.Object, int, java.lang.Object, java.lang.Object)'> (0x000000009b67add8) 
thrown [s\src\hotspot\share\interpreter\linkResolver.cpp, line 759]
Event: 45.349 Thread 0x000002627c12e870 Exception <a 'java/lang/NoSuchMethodError'{0x000000009b684ef0}: 'java.lang.Object java.lang.invoke.DirectMethodHandle$Holder.newInvokeSpecial(java.lang.Object, java.lang.Object, java.lang.Object, java.lang.Object, int, java.lang.Object, java.lang.Object)'> (0x000000009b684ef0) 
thrown [s\src\hotspot\share\interpreter\linkResolver.cpp, line 759]
Event: 45.349 Thread 0x000002627c12e870 Exception <a 'java/lang/NoSuchMethodError'{0x000000009b68a5b8}: 'java.lang.Object java.lang.invoke.Invokers$Holder.linkToTargetMethod(java.lang.Object, java.lang.Object, java.lang.Object, int, java.lang.Object, java.lang.Object, java.lang.Object)'> (0x000000009b68a5b8) 
thrown [s\src\hotspot\share\interpreter\linkResolver.cpp, line 759]
Event: 45.447 Thread 0x000002627c12e870 Exception <a 'java/lang/NoSuchMethodError'{0x000000009b29de88}: 'java.lang.Object java.lang.invoke.DirectMethodHandle$Holder.newInvokeSpecial(java.lang.Object, int, java.lang.Object, java.lang.Object)'> (0x000000009b29de88) 
thrown [s\src\hotspot\share\interpreter\linkResolver.cpp, line 759]
Event: 45.447 Thread 0x000002627c12e870 Exception <a 'java/lang/NoSuchMethodError'{0x000000009b2a2438}: 'java.lang.Object java.lang.invoke.DirectMethodHandle$Holder.invokeSpecial(java.lang.Object, java.lang.Object, int, java.lang.Object, java.lang.Object)'> (0x000000009b2a2438) 
thrown [s\src\hotspot\share\interpreter\linkResolver.cpp, line 759]
Event: 47.519 Thread 0x000002627c12e870 Exception <a 'java/lang/NoSuchMethodError'{0x000000009aeca948}: 'java.lang.Object java.lang.invoke.DirectMethodHandle$Holder.newInvokeSpecial(java.lang.Object, java.lang.Object, java.lang.Object, java.lang.Object, java.lang.Object, java.lang.Object, java.lang.Object, java.lang.Object, java.lang.Object)'> (0x000000009aeca948) 
thrown [s\src\hotspot\share\interpreter\linkResolver.cpp, line 759]
Event: 47.519 Thread 0x000002627c12e870 Exception <a 'java/lang/NoSuchMethodError'{0x000000009aecf9d8}: 'java.lang.Object java.lang.invoke.Invokers$Holder.linkToTargetMethod(java.lang.Object, java.lang.Object, java.lang.Object, java.lang.Object, java.lang.Object, java.lang.Object, java.lang.Object, java.lang.Object, java.lang.Object)'> (0x000000009aecf9d8) 
thrown [s\src\hotspot\share\interpreter\linkResolver.cpp, line 759]
Event: 48.207 Thread 0x000002627c12e870 Exception <a 'java/lang/NoSuchMethodError'{0x000000009ae47eb0}: 'java.lang.Object java.lang.invoke.DirectMethodHandle$Holder.invokeStatic(java.lang.Object, int, java.lang.Object, java.lang.Object, java.lang.Object, java.lang.Object, java.lang.Object)'> (0x000000009ae47eb0) 
thrown [s\src\hotspot\share\interpreter\linkResolver.cpp, line 759]
Event: 48.208 Thread 0x000002627c12e870 Exception <a 'java/lang/NoSuchMethodError'{0x000000009ae51a68}: 'java.lang.Object java.lang.invoke.DirectMethodHandle$Holder.newInvokeSpecial(java.lang.Object, int, java.lang.Object, java.lang.Object, java.lang.Object)'> (0x000000009ae51a68) 
thrown [s\src\hotspot\share\interpreter\linkResolver.cpp, line 759]
Event: 48.208 Thread 0x000002627c12e870 Exception <a 'java/lang/NoSuchMethodError'{0x000000009ae55f38}: 'java.lang.Object java.lang.invoke.Invokers$Holder.linkToTargetMethod(int, java.lang.Object, java.lang.Object, java.lang.Object, java.lang.Object)'> (0x000000009ae55f38) 
thrown [s\src\hotspot\share\interpreter\linkResolver.cpp, line 759]
Event: 48.253 Thread 0x000002627c12e870 Exception <a 'java/lang/NoSuchMethodError'{0x000000009ad63850}: 'java.lang.Object java.lang.invoke.DirectMethodHandle$Holder.invokeStatic(java.lang.Object, java.lang.Object, java.lang.Object, int, java.lang.Object, java.lang.Object)'> (0x000000009ad63850) 
thrown [s\src\hotspot\share\interpreter\linkResolver.cpp, line 759]
Event: 49.089 Thread 0x000002627c12e870 Exception <a 'java/lang/NoSuchMethodError'{0x0000000099b7f418}: 'java.lang.Object java.lang.invoke.DirectMethodHandle$Holder.newInvokeSpecial(java.lang.Object, java.lang.Object, java.lang.Object, java.lang.Object, java.lang.Object, int)'> (0x0000000099b7f418) 
thrown [s\src\hotspot\share\interpreter\linkResolver.cpp, line 759]
Event: 49.089 Thread 0x000002627c12e870 Exception <a 'java/lang/NoSuchMethodError'{0x0000000099b84160}: 'java.lang.Object java.lang.invoke.DirectMethodHandle$Holder.invokeSpecial(java.lang.Object, java.lang.Object, java.lang.Object, java.lang.Object, java.lang.Object, java.lang.Object, int)'> (0x0000000099b84160) 
thrown [s\src\hotspot\share\interpreter\linkResolver.cpp, line 759]
Event: 49.089 Thread 0x000002627c12e870 Exception <a 'java/lang/NoSuchMethodError'{0x0000000099b884e8}: 'java.lang.Object java.lang.invoke.Invokers$Holder.linkToTargetMethod(java.lang.Object, java.lang.Object, java.lang.Object, java.lang.Object, int, java.lang.Object)'> (0x0000000099b884e8) 
thrown [s\src\hotspot\share\interpreter\linkResolver.cpp, line 759]
Event: 49.157 Thread 0x000002627c12e870 Implicit null exception at 0x0000026238cbb275 to 0x0000026238cbb968
Event: 49.233 Thread 0x000002627c12e870 Implicit null exception at 0x00000262381fabcc to 0x00000262381fac14
Event: 52.255 Thread 0x000002627c12e870 Implicit null exception at 0x0000026238e6ebf0 to 0x0000026238e7024c
Event: 53.233 Thread 0x000002627c12e870 Exception <a 'java/lang/NoSuchMethodError'{0x000000009752f8d8}: 'java.lang.Object java.lang.invoke.DirectMethodHandle$Holder.newInvokeSpecial(java.lang.Object, java.lang.Object, java.lang.Object, java.lang.Object, int, int)'> (0x000000009752f8d8) 
thrown [s\src\hotspot\share\interpreter\linkResolver.cpp, line 759]
Event: 55.429 Thread 0x000002627c12e870 Implicit null exception at 0x0000026238f710b3 to 0x0000026238f718e8

VM Operations (20 events):
Event: 57.731 Executing VM operation: HandshakeAllThreads done
Event: 57.849 Executing VM operation: ICBufferFull
Event: 57.850 Executing VM operation: ICBufferFull done
Event: 58.131 Executing VM operation: HandshakeAllThreads
Event: 58.132 Executing VM operation: HandshakeAllThreads done
Event: 58.328 Executing VM operation: ICBufferFull
Event: 58.328 Executing VM operation: ICBufferFull done
Event: 58.377 Executing VM operation: G1CollectForAllocation
Event: 58.383 Executing VM operation: G1CollectForAllocation done
Event: 59.277 Executing VM operation: HandshakeAllThreads
Event: 59.288 Executing VM operation: HandshakeAllThreads done
Event: 59.295 Executing VM operation: HandshakeAllThreads
Event: 59.296 Executing VM operation: HandshakeAllThreads done
Event: 59.298 Executing VM operation: ICBufferFull
Event: 59.298 Executing VM operation: ICBufferFull done
Event: 59.447 Executing VM operation: ICBufferFull
Event: 59.447 Executing VM operation: ICBufferFull done
Event: 59.680 Executing VM operation: ICBufferFull
Event: 59.680 Executing VM operation: ICBufferFull done
Event: 60.237 Executing VM operation: HandshakeAllThreads

Memory protections (0 events):
No events

Nmethod flushes (20 events):
Event: 59.351 Thread 0x0000026247f67190 flushing  nmethod 0x0000026231075690
Event: 59.369 Thread 0x0000026247f67190 flushing  nmethod 0x00000262316d2d90
Event: 59.392 Thread 0x0000026247f67190 flushing  nmethod 0x0000026232016810
Event: 59.421 Thread 0x0000026247f67190 flushing  nmethod 0x0000026232af7510
Event: 59.424 Thread 0x0000026247f67190 flushing  nmethod 0x0000026232bad510
Event: 59.434 Thread 0x0000026247f67190 flushing  nmethod 0x0000026232e7de90
Event: 59.439 Thread 0x0000026247f67190 flushing  nmethod 0x0000026232fee690
Event: 59.443 Thread 0x0000026247f67190 flushing  nmethod 0x0000026233104910
Event: 59.444 Thread 0x0000026247f67190 flushing  nmethod 0x0000026233188690
Event: 59.463 Thread 0x0000026247f67190 flushing  nmethod 0x00000262336fe410
Event: 59.464 Thread 0x0000026247f67190 flushing  nmethod 0x0000026233776190
Event: 59.466 Thread 0x0000026247f67190 flushing  nmethod 0x00000262337e5010
Event: 59.477 Thread 0x0000026247f67190 flushing  nmethod 0x0000026233ac6e90
Event: 59.477 Thread 0x0000026247f67190 flushing  nmethod 0x0000026233ad2e10
Event: 59.477 Thread 0x0000026247f67190 flushing  nmethod 0x0000026233ad4590
Event: 59.477 Thread 0x0000026247f67190 flushing  nmethod 0x0000026233adad10
Event: 59.497 Thread 0x0000026247f67190 flushing  nmethod 0x000002623437e410
Event: 59.497 Thread 0x0000026247f67190 flushing  nmethod 0x0000026234380290
Event: 59.497 Thread 0x0000026247f67190 flushing  nmethod 0x0000026234381110
Event: 59.497 Thread 0x0000026247f67190 flushing  nmethod 0x0000026234381e10

Events (20 events):
Event: 47.610 Thread 0x000002626df1de00 Thread exited: 0x000002626df1de00
Event: 48.343 Thread 0x0000026247f62c50 Thread added: 0x000002627df094b0
Event: 51.481 Thread 0x000002626f23ba50 Thread added: 0x000002627df0c9d0
Event: 52.123 Thread 0x000002626f23ba50 Thread added: 0x000002627df0d9c0
Event: 52.372 Thread 0x0000026247f62c50 Thread added: 0x000002627df0df10
Event: 52.632 Thread 0x000002626f23bfa0 Thread added: 0x000002627df06f80
Event: 53.442 Thread 0x000002627df06f80 Thread exited: 0x000002627df06f80
Event: 54.584 Thread 0x0000026247f62c50 Thread added: 0x000002620f1b1280
Event: 56.578 Thread 0x000002620f1b1280 Thread exited: 0x000002620f1b1280
Event: 56.714 Thread 0x000002627df0df10 Thread exited: 0x000002627df0df10
Event: 56.789 Thread 0x000002627df0d9c0 Thread exited: 0x000002627df0d9c0
Event: 56.789 Thread 0x000002627df0c9d0 Thread exited: 0x000002627df0c9d0
Event: 56.790 Thread 0x000002627df094b0 Thread exited: 0x000002627df094b0
Event: 56.933 Thread 0x000002626f23bfa0 Thread added: 0x000002620f1ae800
Event: 56.936 Thread 0x000002626f23ba50 Thread added: 0x000002620f1af7f0
Event: 56.972 Thread 0x000002626f23ba50 Thread added: 0x000002620f1b17d0
Event: 57.082 Thread 0x000002626f23bfa0 Thread added: 0x000002620f1b0d30
Event: 57.606 Thread 0x0000026247f62c50 Thread added: 0x000002620f1b2270
Event: 58.024 Thread 0x0000026247f62c50 Thread added: 0x000002620f1af2a0
Event: 58.036 Thread 0x000002626f23bfa0 Thread added: 0x000002620f1aed50


Dynamic libraries:
0x00007ff678ba0000 - 0x00007ff678bae000 	C:\Program Files\Microsoft\jdk-17.0.18.8-hotspot\bin\java.exe
0x00007ffcbae20000 - 0x00007ffcbb086000 	C:\WINDOWS\SYSTEM32\ntdll.dll
0x00007ffcb9d60000 - 0x00007ffcb9e29000 	C:\WINDOWS\System32\KERNEL32.DLL
0x00007ffcb82e0000 - 0x00007ffcb86df000 	C:\WINDOWS\System32\KERNELBASE.dll
0x00007ffcb89c0000 - 0x00007ffcb8b0c000 	C:\WINDOWS\System32\ucrtbase.dll
0x00007ffc82200000 - 0x00007ffc8221e000 	C:\Program Files\Microsoft\jdk-17.0.18.8-hotspot\bin\VCRUNTIME140.dll
0x00007ffc59540000 - 0x00007ffc59558000 	C:\Program Files\Microsoft\jdk-17.0.18.8-hotspot\bin\jli.dll
0x00007ffcb9400000 - 0x00007ffcb95c6000 	C:\WINDOWS\System32\USER32.dll
0x00007ffca2d10000 - 0x00007ffca2fa1000 	C:\WINDOWS\WinSxS\amd64_microsoft.windows.common-controls_6595b64144ccf1df_6.0.26100.8972_none_3e0da176e32f9d4b\COMCTL32.dll
0x00007ffcb8b20000 - 0x00007ffcb8b47000 	C:\WINDOWS\System32\win32u.dll
0x00007ffcbab30000 - 0x00007ffcbabd9000 	C:\WINDOWS\System32\msvcrt.dll
0x00007ffcb93c0000 - 0x00007ffcb93eb000 	C:\WINDOWS\System32\GDI32.dll
0x00007ffcb81b0000 - 0x00007ffcb82d9000 	C:\WINDOWS\System32\gdi32full.dll
0x00007ffcb86f0000 - 0x00007ffcb8793000 	C:\WINDOWS\System32\msvcp_win.dll
0x00007ffcb8d80000 - 0x00007ffcb8db2000 	C:\WINDOWS\System32\IMM32.DLL
0x00007ffcaed60000 - 0x00007ffcaed6c000 	C:\Program Files\Microsoft\jdk-17.0.18.8-hotspot\bin\vcruntime140_1.dll
0x00007ffc2efa0000 - 0x00007ffc2f029000 	C:\Program Files\Microsoft\jdk-17.0.18.8-hotspot\bin\msvcp140.dll
0x00007ffaede30000 - 0x00007ffaeeaaa000 	C:\Program Files\Microsoft\jdk-17.0.18.8-hotspot\bin\server\jvm.dll
0x00007ffcba3c0000 - 0x00007ffcba47c000 	C:\WINDOWS\System32\ADVAPI32.dll
0x00007ffcba8e0000 - 0x00007ffcba98a000 	C:\WINDOWS\System32\sechost.dll
0x00007ffcba7c0000 - 0x00007ffcba8d8000 	C:\WINDOWS\System32\RPCRT4.dll
0x00007ffcbac40000 - 0x00007ffcbacc2000 	C:\WINDOWS\System32\WS2_32.dll
0x00007ffcb7de0000 - 0x00007ffcb7e3e000 	C:\WINDOWS\SYSTEM32\POWRPROF.dll
0x00007ffcb15d0000 - 0x00007ffcb15db000 	C:\WINDOWS\SYSTEM32\VERSION.dll
0x00007ffcb4570000 - 0x00007ffcb45a6000 	C:\WINDOWS\SYSTEM32\WINMM.dll
0x00007ffcb7dc0000 - 0x00007ffcb7dd5000 	C:\WINDOWS\SYSTEM32\UMPDC.dll
0x00007ffcb6ce0000 - 0x00007ffcb6cfb000 	C:\WINDOWS\SYSTEM32\kernel.appcore.dll
0x00007ffc73230000 - 0x00007ffc7323a000 	C:\Program Files\Microsoft\jdk-17.0.18.8-hotspot\bin\jimage.dll
0x00007ffcb56a0000 - 0x00007ffcb58e2000 	C:\WINDOWS\SYSTEM32\DBGHELP.DLL
0x00007ffcb8dc0000 - 0x00007ffcb9145000 	C:\WINDOWS\System32\combase.dll
0x00007ffcbacd0000 - 0x00007ffcbada9000 	C:\WINDOWS\System32\OLEAUT32.dll
0x00007ffc872b0000 - 0x00007ffc872eb000 	C:\WINDOWS\SYSTEM32\dbgcore.DLL
0x00007ffcb8030000 - 0x00007ffcb80dc000 	C:\WINDOWS\System32\bcryptPrimitives.dll
0x00007ffc2fcf0000 - 0x00007ffc2fcff000 	C:\Program Files\Microsoft\jdk-17.0.18.8-hotspot\bin\instrument.dll
0x00007ffc2f0c0000 - 0x00007ffc2f0e6000 	C:\Program Files\Microsoft\jdk-17.0.18.8-hotspot\bin\java.dll
0x00007ffc2ee60000 - 0x00007ffc2ef36000 	C:\Program Files\Microsoft\jdk-17.0.18.8-hotspot\bin\jsvml.dll
0x00007ffcb95d0000 - 0x00007ffcb9d58000 	C:\WINDOWS\System32\SHELL32.dll
0x00007ffcb5ac0000 - 0x00007ffcb635b000 	C:\WINDOWS\SYSTEM32\windows.storage.dll
0x00007ffcba600000 - 0x00007ffcba6f9000 	C:\WINDOWS\System32\SHCORE.dll
0x00007ffcb8b70000 - 0x00007ffcb8bd6000 	C:\WINDOWS\System32\shlwapi.dll
0x00007ffcb7f50000 - 0x00007ffcb7f79000 	C:\WINDOWS\SYSTEM32\profapi.dll
0x00007ffc2fd50000 - 0x00007ffc2fd68000 	C:\Program Files\Microsoft\jdk-17.0.18.8-hotspot\bin\zip.dll
0x00007ffc2ff70000 - 0x00007ffc2ff8b000 	C:\Program Files\Microsoft\jdk-17.0.18.8-hotspot\bin\net.dll
0x00007ffcb08a0000 - 0x00007ffcb09c8000 	C:\WINDOWS\SYSTEM32\WINHTTP.dll
0x00007ffcb7270000 - 0x00007ffcb72dc000 	C:\WINDOWS\system32\mswsock.dll
0x00007ffc2fe80000 - 0x00007ffc2fe96000 	C:\Program Files\Microsoft\jdk-17.0.18.8-hotspot\bin\nio.dll
0x00007ffc72610000 - 0x00007ffc72620000 	C:\Program Files\Microsoft\jdk-17.0.18.8-hotspot\bin\verify.dll
0x00007ffc2f050000 - 0x00007ffc2f077000 	C:\Users\louis\.gradle\native\660c5614fbf4a5f2a75b1949f50a0caf5cd603558e7d8a26e50b933a0cfb79d1\windows-amd64\native-platform.dll
0x00007ffc29ff0000 - 0x00007ffc2a067000 	C:\Users\louis\.gradle\native\0.2.8\x86_64-windows-gnu\gradle-fileevents.dll
0x00007ffc6f990000 - 0x00007ffc6f99a000 	C:\Program Files\Microsoft\jdk-17.0.18.8-hotspot\bin\management.dll
0x00007ffc56fe0000 - 0x00007ffc56fec000 	C:\Program Files\Microsoft\jdk-17.0.18.8-hotspot\bin\management_ext.dll
0x00007ffcba340000 - 0x00007ffcba348000 	C:\WINDOWS\System32\PSAPI.DLL
0x00007ffcb6690000 - 0x00007ffcb66c3000 	C:\WINDOWS\SYSTEM32\IPHLPAPI.DLL
0x00007ffcb93f0000 - 0x00007ffcb93fa000 	C:\WINDOWS\System32\NSI.dll
0x00007ffcb0aa0000 - 0x00007ffcb0abd000 	C:\WINDOWS\SYSTEM32\dhcpcsvc6.DLL
0x00007ffcafc20000 - 0x00007ffcafc45000 	C:\WINDOWS\SYSTEM32\dhcpcsvc.DLL
0x00007ffcb66d0000 - 0x00007ffcb6828000 	C:\WINDOWS\SYSTEM32\DNSAPI.dll
0x00007ffcb7020000 - 0x00007ffcb702d000 	C:\WINDOWS\SYSTEM32\DSPARSE.dll
0x00007ffc30580000 - 0x00007ffc30589000 	C:\Program Files\Microsoft\jdk-17.0.18.8-hotspot\bin\extnet.dll
0x00007ffcb7690000 - 0x00007ffcb76ab000 	C:\WINDOWS\SYSTEM32\CRYPTSP.dll
0x00007ffcb6c40000 - 0x00007ffcb6c79000 	C:\WINDOWS\system32\rsaenh.dll
0x00007ffcb7320000 - 0x00007ffcb7352000 	C:\WINDOWS\SYSTEM32\USERENV.dll
0x00007ffcb7f20000 - 0x00007ffcb7f4a000 	C:\WINDOWS\SYSTEM32\bcrypt.dll
0x00007ffcb74d0000 - 0x00007ffcb74dc000 	C:\WINDOWS\SYSTEM32\CRYPTBASE.dll
0x00007ffc2fce0000 - 0x00007ffc2fcee000 	C:\Program Files\Microsoft\jdk-17.0.18.8-hotspot\bin\sunmscapi.dll
0x00007ffcb87a0000 - 0x00007ffcb891e000 	C:\WINDOWS\System32\CRYPT32.dll
0x00007ffcb7800000 - 0x00007ffcb7830000 	C:\WINDOWS\SYSTEM32\ncrypt.dll
0x00007ffcb77b0000 - 0x00007ffcb77ef000 	C:\WINDOWS\SYSTEM32\NTASN1.dll
0x00007ffc8bfa0000 - 0x00007ffc8bfa8000 	C:\WINDOWS\system32\wshunix.dll
0x00007ffc29a70000 - 0x00007ffc29c06000 	C:\Program Files\Microsoft\jdk-17.0.18.8-hotspot\bin\awt.dll
0x00007ffcb4a10000 - 0x00007ffcb4aaf000 	C:\WINDOWS\SYSTEM32\apphelp.dll
0x00007ffcb4c50000 - 0x00007ffcb4cf8000 	C:\WINDOWS\system32\uxtheme.dll
0x00007ffcba490000 - 0x00007ffcba5ed000 	C:\WINDOWS\System32\MSCTF.dll
0x00007ffcb8be0000 - 0x00007ffcb8d79000 	C:\WINDOWS\System32\ole32.dll
0x00007ffcb6e10000 - 0x00007ffcb6e46000 	C:\WINDOWS\SYSTEM32\ntmarta.dll

dbghelp: loaded successfully - version: 4.0.5 - missing functions: none
symbol engine: initialized successfully - sym options: 0x614 - pdb path: .;C:\Program Files\Microsoft\jdk-17.0.18.8-hotspot\bin;C:\WINDOWS\SYSTEM32;C:\WINDOWS\WinSxS\amd64_microsoft.windows.common-controls_6595b64144ccf1df_6.0.26100.8972_none_3e0da176e32f9d4b;C:\Program Files\Microsoft\jdk-17.0.18.8-hotspot\bin\server;C:\Users\louis\.gradle\native\660c5614fbf4a5f2a75b1949f50a0caf5cd603558e7d8a26e50b933a0cfb79d1\windows-amd64;C:\Users\louis\.gradle\native\0.2.8\x86_64-windows-gnu;C:\Users\louis\AppData\Local\Temp

VM Arguments:
jvm_args: --add-opens=java.base/java.lang=ALL-UNNAMED --add-opens=java.base/java.lang.invoke=ALL-UNNAMED --add-opens=java.base/java.util=ALL-UNNAMED --add-opens=java.prefs/java.util.prefs=ALL-UNNAMED --add-exports=jdk.compiler/com.sun.tools.javac.api=ALL-UNNAMED --add-exports=jdk.compiler/com.sun.tools.javac.util=ALL-UNNAMED --add-opens=java.base/java.util=ALL-UNNAMED --add-opens=java.prefs/java.util.prefs=ALL-UNNAMED --add-opens=java.base/java.nio.charset=ALL-UNNAMED --add-opens=java.base/java.net=ALL-UNNAMED --add-opens=java.base/java.util.concurrent=ALL-UNNAMED --add-opens=java.base/java.util.concurrent.atomic=ALL-UNNAMED --add-opens=java.xml/javax.xml.namespace=ALL-UNNAMED --add-opens=java.base/java.time=ALL-UNNAMED -XX:MaxMetaspaceSize=512m -Xmx2048m -Dfile.encoding=UTF-8 -Duser.country=GB -Duser.language=en -Duser.variant -javaagent:C:\Users\louis\.gradle\wrapper\dists\gradle-9.3.1-bin\23ovyewtku6u96viwx3xl3oks\gradle-9.3.1\lib\agents\gradle-instrumentation-agent-9.3.1.jar 
java_command: org.gradle.launcher.daemon.bootstrap.GradleDaemon 9.3.1
java_class_path (initial): C:\Users\louis\.gradle\wrapper\dists\gradle-9.3.1-bin\23ovyewtku6u96viwx3xl3oks\gradle-9.3.1\lib\gradle-daemon-main-9.3.1.jar
Launcher Type: SUN_STANDARD

[Global flags]
     intx CICompilerCount                          = 12                                        {product} {ergonomic}
   size_t CompressedClassSpaceSize                 = 436207616                                 {product} {ergonomic}
     uint ConcGCThreads                            = 4                                         {product} {ergonomic}
     uint G1ConcRefinementThreads                  = 15                                        {product} {ergonomic}
   size_t G1HeapRegionSize                         = 1048576                                   {product} {ergonomic}
    uintx GCDrainStackTargetSize                   = 64                                        {product} {ergonomic}
   size_t InitialHeapSize                          = 1065353216                                {product} {ergonomic}
   size_t MarkStackSize                            = 4194304                                   {product} {ergonomic}
   size_t MaxHeapSize                              = 2147483648                                {product} {command line}
   size_t MaxMetaspaceSize                         = 536870912                                 {product} {command line}
   size_t MaxNewSize                               = 1287651328                                {product} {ergonomic}
   size_t MinHeapDeltaBytes                        = 1048576                                   {product} {ergonomic}
   size_t MinHeapSize                              = 8388608                                   {product} {ergonomic}
    uintx NonNMethodCodeHeapSize                   = 7602480                                {pd product} {ergonomic}
    uintx NonProfiledCodeHeapSize                  = 122027880                              {pd product} {ergonomic}
    uintx ProfiledCodeHeapSize                     = 122027880                              {pd product} {ergonomic}
    uintx ReservedCodeCacheSize                    = 251658240                              {pd product} {ergonomic}
     bool SegmentedCodeCache                       = true                                      {product} {ergonomic}
   size_t SoftMaxHeapSize                          = 2147483648                             {manageable} {ergonomic}
     bool UseCompressedClassPointers               = true                           {product lp64_product} {ergonomic}
     bool UseCompressedOops                        = true                           {product lp64_product} {ergonomic}
     bool UseG1GC                                  = true                                      {product} {ergonomic}
     bool UseLargePagesIndividualAllocation        = false                                  {pd product} {ergonomic}

Logging:
Log output configuration:
 #0: stdout all=warning uptime,level,tags
 #1: stderr all=off uptime,level,tags

Environment Variables:
JAVA_HOME=C:\Program Files\Microsoft\jdk-17.0.18.8-hotspot\
CLASSPATH=E:\Documents\GitHub\cookbook\\gradle\wrapper\gradle-wrapper.jar
PATH=C:/Users/louis/.gemini/antigravity/bin;C:\Users\louis\AppData\Roaming\Antigravity\bin;C:\Program Files\NVIDIA GPU Computing Toolkit\CUDA\v13.2\bin\x64;C:\Program Files\NVIDIA GPU Computing Toolkit\CUDA\v13.2\bin;C:\Program Files\Microsoft\jdk-17.0.18.8-hotspot\bin;C:\Program Files\Python312\Scripts\;C:\Program Files\Python312\;C:\Program Files\NVIDIA GPU Computing Toolkit\CUDA\v13.0\bin\x64;C:\Program Files\NVIDIA GPU Computing Toolkit\CUDA\v13.0\bin;C:\Program Files\Python314\Scripts\;C:\Program Files\Python314\;C:\Program Files\Amazon Corretto\jdk1.8.0_472\bin;C:\Program Files\Eclipse Adoptium\jre-8.0.472.8-hotspot\bin;C:\WINDOWS\system32;C:\WINDOWS;C:\WINDOWS\System32\Wbem;C:\WINDOWS\System32\WindowsPowerShell\v1.0\;C:\WINDOWS\System32\OpenSSH\;C:\Program Files\Git\cmd;C:\Program Files\Microsoft VS Code\bin;C:\Program Files\cursor\resources\app\bin;C:\Program Files\dotnet\;C:\Program Files\NVIDIA Corporation\NVIDIA App\NvDLISR;C:\Program Files\nodejs\;C:\Program Files\GitHub CLI\;C:\Program Files (x86)\NVIDIA Corporation\PhysX\Common;C:\Program Files\PuTTY\;C:\Program Files\Tailscale\;C:\Program Files (x86)\cloudflared\;C:\Strawberry\c\bin;C:\Strawberry\perl\site\bin;C:\Strawberry\perl\bin;C:\Program Files\NVIDIA Corporation\Nsight Compute 2026.1.0\;C:\Program Files\Docker\Docker\resources\bin;C:\Users\louis\AppData\Local\hermes\hermes-agent\venv\Scripts;C:\Users\louis\.local\bin;C:\Users\louis\scoop\apps\imagemagick\current;C:\Users\louis\scoop\apps\1password-cli\current;C:\Users\louis\go\bin;C:\Users\louis\scoop\shims;C:\Users\louis\.cargo\bin;C:\Users\louis\AppData\Local\Microsoft\WindowsApps;C:\Users\louis\AppData\Roaming\npm;C:\Program Files\PostgreSQL\16\bin;C:\Users\louis\.lmstudio\bin;C:\Users\louis\AppData\Local\Programs\Ollama\ollama.exe;C:\Users\louis\AppData\Local\Programs\Ollama;C:\Users\louis\AppData\Local\Google\Cloud SDK\google-cloud-sdk\bin;C:\Users\louis\AppData\Local\GitHubDesktop\bin;C:\Users\louis\.dotnet\tools;C:\Users\louis\AppData\Local\Microsoft\WinGet\Packages\Ngrok.Ngrok_Microsoft.Winget.Source_8wekyb3d8bbwe;C:\Users\louis\AppData\Local\Microsoft\WinGet\Packages\Gyan.FFmpeg_Microsoft.Winget.Source_8wekyb3d8bbwe\ffmpeg-8.0.1-full_build\bin;C:\Users\louis\.local\\bin;C:\Users\louis\AppData\Local\Microsoft\WinGet\Packages\Google.PlatformTools_Microsoft.Winget.Source_8wekyb3d8bbwe\platform-tools;C:\Users\louis\AppData\Local\Microsoft\WinGet\Packages\SQLite.SQLite_Microsoft.Winget.Source_8wekyb3d8bbwe;;C:\Users\louis\AppData\Local\SpacetimeDB;C:\Program Files\Dolt\\bin;C:\Users\louis\AppData\Local\Programs\Antigravity\bin;C:\Users\louis\AppData\Local\Microsoft\WinGet\Packages\BurntSushi.ripgrep.MSVC_Microsoft.Winget.Source_8wekyb3d8bbwe\ripgrep-15.1.0-x86_64-pc-windows-msvc;C:\Users\louis\AppData\Local\Programs\Antigravity IDE\bin;C:\Users\louis\AppData\AndroidCLI;C:\Users\louis\.dotnet\tools
USERNAME=louis
OS=Windows_NT
PROCESSOR_IDENTIFIER=Intel64 Family 6 Model 198 Stepping 2, GenuineIntel
TMP=C:\Users\louis\AppData\Local\Temp
TEMP=C:\Users\louis\AppData\Local\Temp



Periodic native trim disabled


---------------  S Y S T E M  ---------------

OS:
 Windows 11 , 64 bit Build 26100 (10.0.26100.9168)
OS uptime: 4 days 6:36 hours
Hyper-V role detected

CPU: total 20 (initial active 20) (20 cores per cpu, 1 threads per core) family 6 model 198 stepping 2 microcode 0x114, cx8, cmov, fxsr, mmx, 3dnowpref, sse, sse2, sse3, ssse3, sse4.1, sse4.2, popcnt, lzcnt, tsc, tscinvbit, avx, avx2, aes, erms, clmul, bmi1, bmi2, adx, sha, fma, vzeroupper, clflush, clflushopt, clwb, hv
Processor Information for processor 0
  Max Mhz: 3900, Current Mhz: 3900, Mhz Limit: 3900
Processor Information for processor 1
  Max Mhz: 3900, Current Mhz: 3900, Mhz Limit: 3900
Processor Information for processor 2
  Max Mhz: 3300, Current Mhz: 3300, Mhz Limit: 3300
Processor Information for processor 3
  Max Mhz: 3300, Current Mhz: 3300, Mhz Limit: 3300
Processor Information for processor 4
  Max Mhz: 3300, Current Mhz: 3300, Mhz Limit: 3300
Processor Information for processor 5
  Max Mhz: 3300, Current Mhz: 3300, Mhz Limit: 3300
Processor Information for processor 6
  Max Mhz: 3900, Current Mhz: 3900, Mhz Limit: 3900
Processor Information for processor 7
  Max Mhz: 3900, Current Mhz: 3900, Mhz Limit: 3900
Processor Information for processor 8
  Max Mhz: 3900, Current Mhz: 3900, Mhz Limit: 3900
Processor Information for processor 9
  Max Mhz: 3900, Current Mhz: 3900, Mhz Limit: 3900
Processor Information for processor 10
  Max Mhz: 3300, Current Mhz: 3300, Mhz Limit: 3300
Processor Information for processor 11
  Max Mhz: 3300, Current Mhz: 3300, Mhz Limit: 3300
Processor Information for processor 12
  Max Mhz: 3300, Current Mhz: 3300, Mhz Limit: 3300
Processor Information for processor 13
  Max Mhz: 3300, Current Mhz: 3300, Mhz Limit: 3300
Processor Information for processor 14
  Max Mhz: 3300, Current Mhz: 3300, Mhz Limit: 3300
Processor Information for processor 15
  Max Mhz: 3300, Current Mhz: 3300, Mhz Limit: 3300
Processor Information for processor 16
  Max Mhz: 3300, Current Mhz: 3300, Mhz Limit: 3300
Processor Information for processor 17
  Max Mhz: 3300, Current Mhz: 3300, Mhz Limit: 3300
Processor Information for processor 18
  Max Mhz: 3900, Current Mhz: 3900, Mhz Limit: 3900
Processor Information for processor 19
  Max Mhz: 3900, Current Mhz: 3900, Mhz Limit: 3900

Memory: 4k page, system-wide physical 64978M (4129M free)
TotalPageFile size 97746M (AvailPageFile size 32M)
current process WorkingSet (physical memory assigned to process): 986M, peak: 1020M
current process commit charge ("private bytes"): 1051M, peak: 1261M

vm_info: OpenJDK 64-Bit Server VM (17.0.18+8-LTS) for windows-amd64 JRE (17.0.18+8-LTS), built on Jan 15 2026 18:50:45 by "MicrosoftCorporation" with MS VC++ 17.14 (VS2022)

END.
